--------- beginning of main
07-03 15:24:49.542 I/flutter (18628): [IMPORTANT:flutter/shell/platform/android/android_context_vk_impeller.cc(62)] Using the Impeller rendering backend (Vulkan).
07-03 15:24:49.604 I/flutter (18628): The Dart VM service is listening on http://127.0.0.1:34379/olK8O0k6DDs=/
07-03 15:24:49.822 I/flutter (18628): COGNIFIND APP BUILDING
07-03 15:24:49.868 I/flutter (18628): REALTIME PROVIDER CREATED
07-03 15:24:49.869 I/flutter (18628): RealtimePositionProvider STARTED
07-03 15:24:49.870 I/flutter (18628): BLE START RUNNING
07-03 15:24:49.871 I/flutter (18628): [POLL] started (cadence=1s)
07-03 15:24:50.815 I/flutter (18628): BLE START ERROR: PlatformException(startScan, Bluetooth must be turned on, null, null)
07-03 15:24:50.883 I/flutter (18628): [POLL] tick (Δ=0ms)
07-03 15:24:51.872 I/flutter (18628): [POLL] tick (Δ=989ms)
07-03 15:24:52.383 I/flutter (18628): AUTO-TRANSITION eval=noIndoorDestination hits=0 dist=26.8 rssi=null
07-03 15:24:52.384 I/flutter (18628): [LOCATION REQUEST] {"buildingId":1,"gps":{"latitude":33.9252355,"longitude":75.0201527,"accuracy":60.0,"speed":0.0},"heading":0.0,"beacons":[]}
07-03 15:24:52.422 I/flutter (18628): AUTO-TRANSITION eval=noIndoorDestination hits=0 dist=26.8 rssi=null
07-03 15:24:52.422 I/flutter (18628): [LOCATION REQUEST] {"buildingId":1,"gps":{"latitude":33.9252355,"longitude":75.0201527,"accuracy":60.0,"speed":0.0},"heading":0.0,"beacons":[]}
07-03 15:24:52.873 I/flutter (18628): [POLL] tick (Δ=1001ms)
07-03 15:24:52.905 I/flutter (18628): AUTO-TRANSITION eval=noIndoorDestination hits=0 dist=26.8 rssi=null
07-03 15:24:52.905 I/flutter (18628): [LOCATION REQUEST] {"buildingId":1,"gps":{"latitude":33.9252355,"longitude":75.0201527,"accuracy":60.0,"speed":0.0},"heading":0.0,"beacons":[]}
07-03 15:24:53.044 I/flutter (18628): [LOCATION RESPONSE] x=0.0 y=0.0 floor=-1 confidence=0.0 nearestNode= snappedX=null snappedY=null isIndoor=false
07-03 15:24:53.050 I/flutter (18628): [LOCATION RESPONSE] x=0.0 y=0.0 floor=-1 confidence=0.0 nearestNode= snappedX=null snappedY=null isIndoor=false
07-03 15:24:53.253 I/flutter (18628): [LOCATION RESPONSE] x=0.0 y=0.0 floor=-1 confidence=0.0 nearestNode= snappedX=null snappedY=null isIndoor=false
07-03 15:24:53.873 I/flutter (18628): [POLL] tick (Δ=999ms)
07-03 15:24:53.913 I/flutter (18628): AUTO-TRANSITION eval=noIndoorDestination hits=0 dist=26.8 rssi=null
07-03 15:24:53.914 I/flutter (18628): [LOCATION REQUEST] {"buildingId":1,"gps":{"latitude":33.9252355,"longitude":75.0201527,"accuracy":60.0,"speed":0.0},"heading":0.0,"beacons":[]}
07-03 15:24:54.295 I/flutter (18628): [LOCATION RESPONSE] x=0.0 y=0.0 floor=-1 confidence=0.0 nearestNode= snappedX=null snappedY=null isIndoor=false
07-03 15:24:54.875 I/flutter (18628): [POLL] tick (Δ=1001ms)
07-03 15:24:54.934 I/flutter (18628): AUTO-TRANSITION eval=noIndoorDestination hits=0 dist=26.8 rssi=null
07-03 15:24:54.936 I/flutter (18628): [LOCATION REQUEST] {"buildingId":1,"gps":{"latitude":33.9252355,"longitude":75.0201527,"accuracy":60.0,"speed":0.0},"heading":0.0,"beacons":[]}
07-03 15:24:55.245 I/flutter (18628): [LOCATION RESPONSE] x=0.0 y=0.0 floor=-1 confidence=0.0 nearestNode= snappedX=null snappedY=null isIndoor=false
07-03 15:24:55.874 I/flutter (18628): [POLL] tick (Δ=999ms)
07-03 15:24:55.944 I/flutter (18628): AUTO-TRANSITION eval=noIndoorDestination hits=0 dist=26.8 rssi=null
07-03 15:24:55.946 I/flutter (18628): [LOCATION REQUEST] {"buildingId":1,"gps":{"latitude":33.9252355,"longitude":75.0201527,"accuracy":60.0,"speed":0.0},"heading":0.0,"beacons":[]}
07-03 15:24:56.204 I/flutter (18628): [LOCATION RESPONSE] x=0.0 y=0.0 floor=-1 confidence=0.0 nearestNode= snappedX=null snappedY=null isIndoor=false
07-03 15:24:56.874 I/flutter (18628): [POLL] tick (Δ=1000ms)
07-03 15:24:57.874 I/flutter (18628): [POLL] tick (Δ=999ms)
07-03 15:24:58.598 I/flutter (18628): AUTO-TRANSITION eval=noIndoorDestination hits=0 dist=71.0 rssi=null
07-03 15:24:58.599 I/flutter (18628): [LOCATION REQUEST] {"buildingId":1,"gps":{"latitude":33.9248352,"longitude":75.0202031,"accuracy":37.356998443603516,"speed":1.5503785610198975},"heading":174.03627014160156,"beacons":[]}
07-03 15:24:58.609 I/flutter (18628): AUTO-TRANSITION eval=noIndoorDestination hits=0 dist=71.0 rssi=null
07-03 15:24:58.609 I/flutter (18628): [LOCATION REQUEST] {"buildingId":1,"gps":{"latitude":33.9248352,"longitude":75.0202031,"accuracy":37.356998443603516,"speed":1.5503785610198975},"heading":174.03627014160156,"beacons":[]}
07-03 15:24:58.874 I/flutter (18628): [POLL] tick (Δ=1001ms)
07-03 15:24:58.915 I/flutter (18628): AUTO-TRANSITION eval=noIndoorDestination hits=0 dist=71.0 rssi=null
07-03 15:24:58.916 I/flutter (18628): [LOCATION REQUEST] {"buildingId":1,"gps":{"latitude":33.9248352,"longitude":75.0202031,"accuracy":37.356998443603516,"speed":1.5503785610198975},"heading":174.03627014160156,"beacons":[]}
07-03 15:24:59.131 I/flutter (18628): [LOCATION RESPONSE] x=0.0 y=0.0 floor=-1 confidence=0.0 nearestNode= snappedX=null snappedY=null isIndoor=false
07-03 15:24:59.133 I/flutter (18628): [LOCATION RESPONSE] x=0.0 y=0.0 floor=-1 confidence=0.0 nearestNode= snappedX=null snappedY=null isIndoor=false
07-03 15:24:59.341 I/flutter (18628): [LOCATION RESPONSE] x=0.0 y=0.0 floor=-1 confidence=0.0 nearestNode= snappedX=null snappedY=null isIndoor=false
07-03 15:24:59.874 I/flutter (18628): [POLL] tick (Δ=998ms)
07-03 15:24:59.930 I/flutter (18628): AUTO-TRANSITION eval=noIndoorDestination hits=0 dist=71.0 rssi=null
07-03 15:24:59.932 I/flutter (18628): [LOCATION REQUEST] {"buildingId":1,"gps":{"latitude":33.9248352,"longitude":75.0202031,"accuracy":37.356998443603516,"speed":1.5503785610198975},"heading":174.03627014160156,"beacons":[]}
07-03 15:25:00.710 I/flutter (18628): [LOCATION RESPONSE] x=0.0 y=0.0 floor=-1 confidence=0.0 nearestNode= snappedX=null snappedY=null isIndoor=false
07-03 15:25:00.873 I/flutter (18628): [POLL] tick (Δ=999ms)
07-03 15:25:00.912 I/flutter (18628): AUTO-TRANSITION eval=noIndoorDestination hits=0 dist=71.0 rssi=null
07-03 15:25:00.914 I/flutter (18628): [LOCATION REQUEST] {"buildingId":1,"gps":{"latitude":33.9248352,"longitude":75.0202031,"accuracy":37.356998443603516,"speed":1.5503785610198975},"heading":174.03627014160156,"beacons":[]}
07-03 15:25:01.384 I/flutter (18628): [LOCATION RESPONSE] x=0.0 y=0.0 floor=-1 confidence=0.0 nearestNode= snappedX=null snappedY=null isIndoor=false
07-03 15:25:01.875 I/flutter (18628): [POLL] tick (Δ=1000ms)
07-03 15:25:01.926 I/flutter (18628): AUTO-TRANSITION eval=noIndoorDestination hits=0 dist=71.0 rssi=null
07-03 15:25:01.927 I/flutter (18628): [LOCATION REQUEST] {"buildingId":1,"gps":{"latitude":33.9248352,"longitude":75.0202031,"accuracy":37.356998443603516,"speed":1.5503785610198975},"heading":174.03627014160156,"beacons":[]}
07-03 15:25:02.350 I/flutter (18628): [LOCATION RESPONSE] x=0.0 y=0.0 floor=-1 confidence=0.0 nearestNode= snappedX=null snappedY=null isIndoor=false
07-03 15:25:02.874 I/flutter (18628): [POLL] tick (Δ=999ms)
07-03 15:25:02.925 I/flutter (18628): AUTO-TRANSITION eval=noIndoorDestination hits=0 dist=73.4 rssi=null
07-03 15:25:02.926 I/flutter (18628): [LOCATION REQUEST] {"buildingId":1,"gps":{"latitude":33.9248134,"longitude":75.0202058,"accuracy":37.35900115966797,"speed":1.6346909999847412},"heading":174.03627014160156,"beacons":[]}
07-03 15:25:03.202 I/flutter (18628): [LOCATION RESPONSE] x=0.0 y=0.0 floor=-1 confidence=0.0 nearestNode= snappedX=null snappedY=null isIndoor=false
07-03 15:25:03.874 I/flutter (18628): [POLL] tick (Δ=999ms)
07-03 15:25:03.937 I/flutter (18628): AUTO-TRANSITION eval=noIndoorDestination hits=0 dist=48.3 rssi=null
07-03 15:25:03.939 I/flutter (18628): [LOCATION REQUEST] {"buildingId":1,"gps":{"latitude":33.925041,"longitude":75.0201489,"accuracy":37.275001525878906,"speed":0.2516840696334839},"heading":250.85842895507812,"beacons":[]}
07-03 15:25:04.267 I/flutter (18628): [LOCATION RESPONSE] x=0.0 y=0.0 floor=-1 confidence=0.0 nearestNode= snappedX=null snappedY=null isIndoor=false
07-03 15:25:04.872 I/flutter (18628): [POLL] tick (Δ=998ms)
07-03 15:25:04.898 I/flutter (18628): AUTO-TRANSITION eval=noIndoorDestination hits=0 dist=48.3 rssi=null
07-03 15:25:04.899 I/flutter (18628): [LOCATION REQUEST] {"buildingId":1,"gps":{"latitude":33.925041,"longitude":75.0201489,"accuracy":37.275001525878906,"speed":0.2516840696334839},"heading":250.85842895507812,"beacons":[]}
07-03 15:25:05.179 I/flutter (18628): [LOCATION RESPONSE] x=0.0 y=0.0 floor=-1 confidence=0.0 nearestNode= snappedX=null snappedY=null isIndoor=false
07-03 15:25:05.873 I/flutter (18628): [POLL] tick (Δ=1000ms)
07-03 15:25:05.931 I/flutter (18628): AUTO-TRANSITION eval=noIndoorDestination hits=0 dist=48.3 rssi=null
07-03 15:25:05.933 I/flutter (18628): [LOCATION REQUEST] {"buildingId":1,"gps":{"latitude":33.925041,"longitude":75.0201489,"accuracy":37.275001525878906,"speed":0.2516840696334839},"heading":250.85842895507812,"beacons":[]}
07-03 15:25:06.315 I/flutter (18628): [LOCATION RESPONSE] x=0.0 y=0.0 floor=-1 confidence=0.0 nearestNode= snappedX=null snappedY=null isIndoor=false
07-03 15:25:06.875 I/flutter (18628): [POLL] tick (Δ=1001ms)
07-03 15:25:06.927 I/flutter (18628): AUTO-TRANSITION eval=noIndoorDestination hits=0 dist=48.3 rssi=null
07-03 15:25:06.928 I/flutter (18628): [LOCATION REQUEST] {"buildingId":1,"gps":{"latitude":33.925041,"longitude":75.0201489,"accuracy":37.275001525878906,"speed":0.2516840696334839},"heading":250.85842895507812,"beacons":[]}
07-03 15:25:07.228 I/flutter (18628): [LOCATION RESPONSE] x=0.0 y=0.0 floor=-1 confidence=0.0 nearestNode= snappedX=null snappedY=null isIndoor=false
07-03 15:25:07.872 I/flutter (18628): [POLL] tick (Δ=998ms)
07-03 15:25:07.915 I/flutter (18628): AUTO-TRANSITION eval=noIndoorDestination hits=0 dist=48.3 rssi=null
07-03 15:25:07.916 I/flutter (18628): [LOCATION REQUEST] {"buildingId":1,"gps":{"latitude":33.925041,"longitude":75.0201489,"accuracy":37.275001525878906,"speed":0.2516840696334839},"heading":250.85842895507812,"beacons":[]}
07-03 15:25:08.327 I/flutter (18628): [LOCATION RESPONSE] x=0.0 y=0.0 floor=-1 confidence=0.0 nearestNode= snappedX=null snappedY=null isIndoor=false
07-03 15:25:08.873 I/flutter (18628): [POLL] tick (Δ=1000ms)
07-03 15:25:08.905 I/flutter (18628): AUTO-TRANSITION eval=noIndoorDestination hits=0 dist=48.6 rssi=null
07-03 15:25:08.906 I/flutter (18628): [LOCATION REQUEST] {"buildingId":1,"gps":{"latitude":33.9250392,"longitude":75.0201406,"accuracy":36.68899917602539,"speed":0.2614808678627014},"heading":252.7563018798828,"beacons":[]}
07-03 15:25:09.455 I/flutter (18628): [LOCATION RESPONSE] x=0.0 y=0.0 floor=-1 confidence=0.0 nearestNode= snappedX=null snappedY=null isIndoor=false
07-03 15:25:09.875 I/flutter (18628): [POLL] tick (Δ=1001ms)
07-03 15:25:09.932 I/flutter (18628): AUTO-TRANSITION eval=noIndoorDestination hits=0 dist=48.6 rssi=null
07-03 15:25:09.934 I/flutter (18628): [LOCATION REQUEST] {"buildingId":1,"gps":{"latitude":33.9250392,"longitude":75.0201406,"accuracy":36.68899917602539,"speed":0.2614808678627014},"heading":252.7563018798828,"beacons":[]}
07-03 15:25:10.367 I/flutter (18628): [LOCATION RESPONSE] x=0.0 y=0.0 floor=-1 confidence=0.0 nearestNode= snappedX=null snappedY=null isIndoor=false
07-03 15:25:10.873 I/flutter (18628): [POLL] tick (Δ=998ms)
07-03 15:25:10.921 I/flutter (18628): AUTO-TRANSITION eval=noIndoorDestination hits=0 dist=48.6 rssi=null
07-03 15:25:10.922 I/flutter (18628): [LOCATION REQUEST] {"buildingId":1,"gps":{"latitude":33.9250392,"longitude":75.0201406,"accuracy":36.68899917602539,"speed":0.2614808678627014},"heading":252.7563018798828,"beacons":[]}
07-03 15:25:11.500 I/flutter (18628): [LOCATION RESPONSE] x=0.0 y=0.0 floor=-1 confidence=0.0 nearestNode= snappedX=null snappedY=null isIndoor=false
07-03 15:25:11.874 I/flutter (18628): [POLL] tick (Δ=1000ms)
07-03 15:25:11.946 I/flutter (18628): AUTO-TRANSITION eval=noIndoorDestination hits=0 dist=48.6 rssi=null
07-03 15:25:11.948 I/flutter (18628): [LOCATION REQUEST] {"buildingId":1,"gps":{"latitude":33.9250392,"longitude":75.0201406,"accuracy":36.68899917602539,"speed":0.2614808678627014},"heading":252.7563018798828,"beacons":[]}
07-03 15:25:12.257 I/flutter (18628): [LOCATION RESPONSE] x=0.0 y=0.0 floor=-1 confidence=0.0 nearestNode= snappedX=null snappedY=null isIndoor=false
07-03 15:25:12.874 I/flutter (18628): [POLL] tick (Δ=1000ms)
07-03 15:25:12.931 I/flutter (18628): AUTO-TRANSITION eval=noIndoorDestination hits=0 dist=48.6 rssi=null
07-03 15:25:12.933 I/flutter (18628): [LOCATION REQUEST] {"buildingId":1,"gps":{"latitude":33.9250394,"longitude":75.0201401,"accuracy":36.5369987487793,"speed":0.26226744055747986},"heading":247.78282165527344,"beacons":[]}
07-03 15:25:13.328 I/flutter (18628): [LOCATION RESPONSE] x=0.0 y=0.0 floor=-1 confidence=0.0 nearestNode= snappedX=null snappedY=null isIndoor=false
07-03 15:25:13.872 I/flutter (18628): [POLL] tick (Δ=999ms)
07-03 15:25:13.886 I/flutter (18628): AUTO-TRANSITION eval=noIndoorDestination hits=0 dist=36.8 rssi=null
07-03 15:25:13.886 I/flutter (18628): [LOCATION REQUEST] {"buildingId":1,"gps":{"latitude":33.9251501,"longitude":75.0201163,"accuracy":23.295000076293945,"speed":0.21827593445777893},"heading":254.3324432373047,"beacons":[]}
07-03 15:25:14.152 I/flutter (18628): [LOCATION RESPONSE] x=0.0 y=0.0 floor=-1 confidence=0.0 nearestNode= snappedX=null snappedY=null isIndoor=false
07-03 15:25:14.872 I/flutter (18628): [POLL] tick (Δ=1000ms)
07-03 15:25:14.883 I/flutter (18628): AUTO-TRANSITION eval=noIndoorDestination hits=0 dist=36.8 rssi=null
07-03 15:25:14.883 I/flutter (18628): [LOCATION REQUEST] {"buildingId":1,"gps":{"latitude":33.9251501,"longitude":75.0201163,"accuracy":23.295000076293945,"speed":0.21827593445777893},"heading":254.3324432373047,"beacons":[]}
07-03 15:25:15.326 I/flutter (18628): [LOCATION RESPONSE] x=0.0 y=0.0 floor=-1 confidence=0.0 nearestNode= snappedX=null snappedY=null isIndoor=false
07-03 15:25:15.872 I/flutter (18628): [POLL] tick (Δ=999ms)
07-03 15:25:15.883 I/flutter (18628): AUTO-TRANSITION eval=noIndoorDestination hits=0 dist=36.8 rssi=null
07-03 15:25:15.883 I/flutter (18628): [LOCATION REQUEST] {"buildingId":1,"gps":{"latitude":33.9251501,"longitude":75.0201163,"accuracy":23.295000076293945,"speed":0.21827593445777893},"heading":254.3324432373047,"beacons":[]}
07-03 15:25:16.213 I/flutter (18628): [LOCATION RESPONSE] x=0.0 y=0.0 floor=-1 confidence=0.0 nearestNode= snappedX=null snappedY=null isIndoor=false
07-03 15:25:16.874 I/flutter (18628): [POLL] tick (Δ=1001ms)
07-03 15:25:16.913 I/flutter (18628): AUTO-TRANSITION eval=noIndoorDestination hits=0 dist=36.8 rssi=null
07-03 15:25:16.914 I/flutter (18628): [LOCATION REQUEST] {"buildingId":1,"gps":{"latitude":33.9251501,"longitude":75.0201163,"accuracy":23.295000076293945,"speed":0.21827593445777893},"heading":254.3324432373047,"beacons":[]}
07-03 15:25:17.274 I/flutter (18628): [LOCATION RESPONSE] x=0.0 y=0.0 floor=-1 confidence=0.0 nearestNode= snappedX=null snappedY=null isIndoor=false
07-03 15:25:17.877 I/flutter (18628): [POLL] tick (Δ=1003ms)
07-03 15:25:17.993 I/flutter (18628): [POLL] stopped
07-03 15:25:17.993 I/flutter (18628): BLE STOP RUNNING
07-03 15:25:17.994 I/flutter (18628): [POLL] paused (REALTIME TRACKING PAUSED)
07-03 15:25:18.001 I/flutter (18628): [FBP] stopScan: already stopped
07-03 15:25:18.017 I/flutter (18628): AUTO-TRANSITION eval=noIndoorDestination hits=0 dist=36.8 rssi=null
07-03 15:25:18.018 I/flutter (18628): [LOCATION REQUEST] {"buildingId":1,"gps":{"latitude":33.9251501,"longitude":75.0201163,"accuracy":23.295000076293945,"speed":0.21827593445777893},"heading":254.3324432373047,"beacons":[]}
07-03 15:25:18.044 I/flutter (18628): Realtime engine error: ClientException with SocketException: Failed host lookup: 'cognifind-backend2.onrender.com' (OS Error: No address associated with hostname, errno = 7), uri=https://cognifind-backend2.onrender.com/api/location
07-03 15:25:40.704 I/flutter (18628): BLE START RUNNING
07-03 15:25:40.704 I/flutter (18628): [POLL] started (cadence=1s)
07-03 15:25:40.705 I/flutter (18628): [POLL] resumed (REALTIME TRACKING RESUMED)
07-03 15:25:40.707 I/flutter (18628): BLE START ERROR: PlatformException(startScan, Bluetooth must be turned on, null, null)
07-03 15:25:41.706 I/flutter (18628): [POLL] tick (Δ=23828ms)
07-03 15:25:41.723 I/flutter (18628): AUTO-TRANSITION eval=noIndoorDestination hits=0 dist=58.1 rssi=null
07-03 15:25:41.723 I/flutter (18628): [LOCATION REQUEST] {"buildingId":1,"gps":{"latitude":33.9249551,"longitude":75.0201246,"accuracy":51.012001037597656,"speed":0.0},"heading":0.0,"beacons":[]}
07-03 15:25:42.707 I/flutter (18628): [POLL] tick (Δ=1001ms)
07-03 15:25:42.745 I/flutter (18628): AUTO-TRANSITION eval=noIndoorDestination hits=0 dist=48.8 rssi=null
07-03 15:25:42.746 I/flutter (18628): [LOCATION REQUEST] {"buildingId":1,"gps":{"latitude":33.9250442,"longitude":75.0200921,"accuracy":70.19999694824219,"speed":0.16754911839962006},"heading":343.1488342285156,"beacons":[]}
07-03 15:25:43.708 I/flutter (18628): [POLL] tick (Δ=999ms)
07-03 15:25:43.749 I/flutter (18628): AUTO-TRANSITION eval=noIndoorDestination hits=0 dist=48.8 rssi=null
07-03 15:25:43.750 I/flutter (18628): [LOCATION REQUEST] {"buildingId":1,"gps":{"latitude":33.9250442,"longitude":75.0200921,"accuracy":70.19999694824219,"speed":0.16754911839962006},"heading":343.1488342285156,"beacons":[]}
07-03 15:25:44.312 I/flutter (18628): [LOCATION RESPONSE] x=0.0 y=0.0 floor=-1 confidence=0.0 nearestNode= snappedX=null snappedY=null isIndoor=false
07-03 15:25:44.707 I/flutter (18628): [POLL] tick (Δ=999ms)
07-03 15:25:44.751 I/flutter (18628): AUTO-TRANSITION eval=noIndoorDestination hits=0 dist=44.5 rssi=null
07-03 15:25:44.752 I/flutter (18628): [LOCATION REQUEST] {"buildingId":1,"gps":{"latitude":33.9250869,"longitude":75.0200768,"accuracy":76.5979995727539,"speed":0.6878549456596375},"heading":343.3555603027344,"beacons":[]}
07-03 15:25:44.813 I/flutter (18628): [LOCATION RESPONSE] x=0.0 y=0.0 floor=-1 confidence=0.0 nearestNode= snappedX=null snappedY=null isIndoor=false
07-03 15:25:45.045 I/flutter (18628): [LOCATION RESPONSE] x=0.0 y=0.0 floor=-1 confidence=0.0 nearestNode= snappedX=null snappedY=null isIndoor=false
07-03 15:25:45.444 I/flutter (18628): [LOCATION RESPONSE] x=0.0 y=0.0 floor=-1 confidence=0.0 nearestNode= snappedX=null snappedY=null isIndoor=false
07-03 15:25:45.711 I/flutter (18628): [POLL] tick (Δ=1003ms)
07-03 15:25:45.771 I/flutter (18628): AUTO-TRANSITION eval=noIndoorDestination hits=0 dist=44.5 rssi=null
07-03 15:25:45.772 I/flutter (18628): [LOCATION REQUEST] {"buildingId":1,"gps":{"latitude":33.9250869,"longitude":75.0200768,"accuracy":76.5979995727539,"speed":0.6878549456596375},"heading":343.3555603027344,"beacons":[]}
07-03 15:25:46.108 I/flutter (18628): [LOCATION RESPONSE] x=0.0 y=0.0 floor=-1 confidence=0.0 nearestNode= snappedX=null snappedY=null isIndoor=false
07-03 15:25:46.708 I/flutter (18628): [POLL] tick (Δ=997ms)
07-03 15:25:46.744 I/flutter (18628): AUTO-TRANSITION eval=noIndoorDestination hits=0 dist=44.5 rssi=null
07-03 15:25:46.745 I/flutter (18628): [LOCATION REQUEST] {"buildingId":1,"gps":{"latitude":33.9250869,"longitude":75.0200768,"accuracy":76.5979995727539,"speed":0.6878549456596375},"heading":343.3555603027344,"beacons":[]}
07-03 15:25:47.169 I/flutter (18628): [LOCATION RESPONSE] x=0.0 y=0.0 floor=-1 confidence=0.0 nearestNode= snappedX=null snappedY=null isIndoor=false
07-03 15:25:47.707 I/flutter (18628): [POLL] tick (Δ=998ms)
07-03 15:25:47.744 I/flutter (18628): AUTO-TRANSITION eval=noIndoorDestination hits=0 dist=38.8 rssi=null
07-03 15:25:47.745 I/flutter (18628): [LOCATION REQUEST] {"buildingId":1,"gps":{"latitude":33.9251458,"longitude":75.0200555,"accuracy":89.47200012207031,"speed":1.4871927499771118},"heading":343.3419494628906,"beacons":[]}
07-03 15:25:48.288 I/flutter (18628): [LOCATION RESPONSE] x=0.0 y=0.0 floor=-1 confidence=0.0 nearestNode= snappedX=null snappedY=null isIndoor=false
07-03 15:25:48.708 I/flutter (18628): [POLL] tick (Δ=1000ms)
07-03 15:25:48.769 I/flutter (18628): AUTO-TRANSITION eval=noIndoorDestination hits=0 dist=38.8 rssi=null
07-03 15:25:48.770 I/flutter (18628): [LOCATION REQUEST] {"buildingId":1,"gps":{"latitude":33.9251458,"longitude":75.0200555,"accuracy":89.47200012207031,"speed":1.4871927499771118},"heading":343.3419494628906,"beacons":[]}
07-03 15:25:49.213 I/flutter (18628): [LOCATION RESPONSE] x=0.0 y=0.0 floor=-1 confidence=0.0 nearestNode= snappedX=null snappedY=null isIndoor=false
07-03 15:25:49.708 I/flutter (18628): [POLL] tick (Δ=1000ms)
07-03 15:25:49.767 I/flutter (18628): AUTO-TRANSITION eval=noIndoorDestination hits=0 dist=38.8 rssi=null
07-03 15:25:49.768 I/flutter (18628): [LOCATION REQUEST] {"buildingId":1,"gps":{"latitude":33.9251458,"longitude":75.0200555,"accuracy":89.47200012207031,"speed":1.4871927499771118},"heading":343.3419494628906,"beacons":[]}
07-03 15:25:50.322 I/flutter (18628): [LOCATION RESPONSE] x=0.0 y=0.0 floor=-1 confidence=0.0 nearestNode= snappedX=null snappedY=null isIndoor=false
07-03 15:25:50.707 I/flutter (18628): [POLL] tick (Δ=999ms)
07-03 15:25:50.768 I/flutter (18628): AUTO-TRANSITION eval=noIndoorDestination hits=0 dist=38.8 rssi=null
07-03 15:25:50.769 I/flutter (18628): [LOCATION REQUEST] {"buildingId":1,"gps":{"latitude":33.9251458,"longitude":75.0200555,"accuracy":89.47200012207031,"speed":1.4871927499771118},"heading":343.3419494628906,"beacons":[]}
07-03 15:25:51.174 I/flutter (18628): [LOCATION RESPONSE] x=0.0 y=0.0 floor=-1 confidence=0.0 nearestNode= snappedX=null snappedY=null isIndoor=false
07-03 15:25:51.707 I/flutter (18628): [POLL] tick (Δ=999ms)
07-03 15:25:51.751 I/flutter (18628): AUTO-TRANSITION eval=noIndoorDestination hits=0 dist=34.7 rssi=null
07-03 15:25:51.751 I/flutter (18628): [LOCATION REQUEST] {"buildingId":1,"gps":{"latitude":33.9251773,"longitude":75.0200818,"accuracy":83.62000274658203,"speed":1.0448265075683594},"heading":84.06562805175781,"beacons":[]}
07-03 15:25:52.110 I/flutter (18628): [LOCATION RESPONSE] x=0.0 y=0.0 floor=-1 confidence=0.0 nearestNode= snappedX=null snappedY=null isIndoor=false
07-03 15:25:52.708 I/flutter (18628): [POLL] tick (Δ=1000ms)
07-03 15:25:52.756 I/flutter (18628): AUTO-TRANSITION eval=noIndoorDestination hits=0 dist=20.8 rssi=null
07-03 15:25:52.757 I/flutter (18628): [LOCATION REQUEST] {"buildingId":1,"gps":{"latitude":33.9252933,"longitude":75.0201382,"accuracy":14.354000091552734,"speed":0.6923393607139587},"heading":167.34532165527344,"beacons":[]}
07-03 15:25:53.059 I/flutter (18628): [LOCATION RESPONSE] x=0.0 y=0.0 floor=-1 confidence=0.0 nearestNode= snappedX=null snappedY=null isIndoor=false
07-03 15:25:53.708 I/flutter (18628): [POLL] tick (Δ=1000ms)
07-03 15:25:53.758 I/flutter (18628): AUTO-TRANSITION eval=noIndoorDestination hits=0 dist=20.8 rssi=null
07-03 15:25:53.758 I/flutter (18628): [LOCATION REQUEST] {"buildingId":1,"gps":{"latitude":33.9252933,"longitude":75.0201382,"accuracy":14.354000091552734,"speed":0.6923393607139587},"heading":167.34532165527344,"beacons":[]}
07-03 15:25:54.030 I/flutter (18628): [LOCATION RESPONSE] x=0.0 y=0.0 floor=-1 confidence=0.0 nearestNode= snappedX=null snappedY=null isIndoor=false
07-03 15:25:54.708 I/flutter (18628): [POLL] tick (Δ=999ms)
07-03 15:25:54.756 I/flutter (18628): AUTO-TRANSITION eval=noIndoorDestination hits=0 dist=20.8 rssi=null
07-03 15:25:54.757 I/flutter (18628): [LOCATION REQUEST] {"buildingId":1,"gps":{"latitude":33.9252933,"longitude":75.0201382,"accuracy":14.354000091552734,"speed":0.6923393607139587},"heading":167.34532165527344,"beacons":[]}
07-03 15:25:55.032 I/flutter (18628): [LOCATION RESPONSE] x=0.0 y=0.0 floor=-1 confidence=0.0 nearestNode= snappedX=null snappedY=null isIndoor=false
07-03 15:25:55.707 I/flutter (18628): [POLL] tick (Δ=999ms)
07-03 15:25:55.766 I/flutter (18628): AUTO-TRANSITION eval=noIndoorDestination hits=0 dist=20.8 rssi=null
07-03 15:25:55.767 I/flutter (18628): [LOCATION REQUEST] {"buildingId":1,"gps":{"latitude":33.9252933,"longitude":75.0201382,"accuracy":14.354000091552734,"speed":0.6923393607139587},"heading":167.34532165527344,"beacons":[]}
07-03 15:25:56.132 I/flutter (18628): [LOCATION RESPONSE] x=0.0 y=0.0 floor=-1 confidence=0.0 nearestNode= snappedX=null snappedY=null isIndoor=false
07-03 15:25:56.708 I/flutter (18628): [POLL] tick (Δ=1000ms)
07-03 15:25:56.763 I/flutter (18628): AUTO-TRANSITION eval=noIndoorDestination hits=0 dist=20.8 rssi=null
07-03 15:25:56.764 I/flutter (18628): [LOCATION REQUEST] {"buildingId":1,"gps":{"latitude":33.9252933,"longitude":75.0201382,"accuracy":14.354000091552734,"speed":0.6923393607139587},"heading":167.34532165527344,"beacons":[]}
07-03 15:25:57.135 I/flutter (18628): [LOCATION RESPONSE] x=0.0 y=0.0 floor=-1 confidence=0.0 nearestNode= snappedX=null snappedY=null isIndoor=false
07-03 15:25:57.707 I/flutter (18628): [POLL] tick (Δ=999ms)
07-03 15:25:57.755 I/flutter (18628): AUTO-TRANSITION eval=noIndoorDestination hits=0 dist=21.2 rssi=null
07-03 15:25:57.756 I/flutter (18628): [LOCATION REQUEST] {"buildingId":1,"gps":{"latitude":33.9252879,"longitude":75.0201447,"accuracy":10.52400016784668,"speed":0.01841326430439949},"heading":0.0,"beacons":[]}
07-03 15:25:58.145 I/flutter (18628): [LOCATION RESPONSE] x=0.0 y=0.0 floor=-1 confidence=0.0 nearestNode= snappedX=null snappedY=null isIndoor=false
07-03 15:25:58.707 I/flutter (18628): [POLL] tick (Δ=999ms)
07-03 15:25:58.763 I/flutter (18628): AUTO-TRANSITION eval=noIndoorDestination hits=0 dist=21.2 rssi=null
07-03 15:25:58.764 I/flutter (18628): [LOCATION REQUEST] {"buildingId":1,"gps":{"latitude":33.9252879,"longitude":75.0201447,"accuracy":10.52400016784668,"speed":0.01841326430439949},"heading":0.0,"beacons":[]}
07-03 15:25:59.189 I/flutter (18628): [LOCATION RESPONSE] x=0.0 y=0.0 floor=-1 confidence=0.0 nearestNode= snappedX=null snappedY=null isIndoor=false
07-03 15:25:59.708 I/flutter (18628): [POLL] tick (Δ=1000ms)
07-03 15:25:59.765 I/flutter (18628): AUTO-TRANSITION eval=noIndoorDestination hits=0 dist=21.2 rssi=null
07-03 15:25:59.766 I/flutter (18628): [LOCATION REQUEST] {"buildingId":1,"gps":{"latitude":33.9252886,"longitude":75.0201446,"accuracy":9.253000259399414,"speed":0.018562955781817436},"heading":0.0,"beacons":[]}
07-03 15:26:00.040 I/flutter (18628): [LOCATION RESPONSE] x=0.0 y=0.0 floor=-1 confidence=0.0 nearestNode= snappedX=null snappedY=null isIndoor=false
07-03 15:26:00.707 I/flutter (18628): [POLL] tick (Δ=999ms)
07-03 15:26:00.743 I/flutter (18628): AUTO-TRANSITION eval=noIndoorDestination hits=0 dist=21.2 rssi=null
07-03 15:26:00.743 I/flutter (18628): [LOCATION REQUEST] {"buildingId":1,"gps":{"latitude":33.9252886,"longitude":75.0201446,"accuracy":9.253000259399414,"speed":0.018562955781817436},"heading":0.0,"beacons":[]}
07-03 15:26:01.073 I/flutter (18628): [LOCATION RESPONSE] x=0.0 y=0.0 floor=-1 confidence=0.0 nearestNode= snappedX=null snappedY=null isIndoor=false
07-03 15:26:38.160 I/flutter (20970): [IMPORTANT:flutter/shell/platform/android/android_context_vk_impeller.cc(62)] Using the Impeller rendering backend (Vulkan).
07-03 15:26:38.221 I/flutter (20970): The Dart VM service is listening on http://127.0.0.1:46087/nGL-nDtPhcw=/
07-03 15:26:38.425 I/flutter (20970): COGNIFIND APP BUILDING
07-03 15:26:38.466 I/flutter (20970): REALTIME PROVIDER CREATED
07-03 15:26:38.467 I/flutter (20970): RealtimePositionProvider STARTED
07-03 15:26:38.468 I/flutter (20970): BLE START RUNNING
07-03 15:26:38.469 I/flutter (20970): [POLL] started (cadence=1s)
07-03 15:26:39.338 I/flutter (20970): BLE START ERROR: PlatformException(startScan, Bluetooth must be turned on, null, null)
07-03 15:26:39.477 I/flutter (20970): [POLL] tick (Δ=0ms)
07-03 15:26:40.472 I/flutter (20970): [POLL] tick (Δ=994ms)
07-03 15:26:40.869 I/flutter (20970): AUTO-TRANSITION eval=noIndoorDestination hits=0 dist=24.0 rssi=null
07-03 15:26:40.872 I/flutter (20970): [LOCATION REQUEST] {"buildingId":1,"gps":{"latitude":33.9252609,"longitude":75.0201551,"accuracy":60.0,"speed":0.0},"heading":0.0,"beacons":[]}
07-03 15:26:40.910 I/flutter (20970): AUTO-TRANSITION eval=noIndoorDestination hits=0 dist=24.0 rssi=null
07-03 15:26:40.910 I/flutter (20970): [LOCATION REQUEST] {"buildingId":1,"gps":{"latitude":33.9252609,"longitude":75.0201551,"accuracy":60.0,"speed":0.0},"heading":0.0,"beacons":[]}
07-03 15:26:41.313 I/flutter (20970): [LOCATION RESPONSE] x=0.0 y=0.0 floor=-1 confidence=0.0 nearestNode= snappedX=null snappedY=null isIndoor=false
07-03 15:26:41.317 I/flutter (20970): [LOCATION RESPONSE] x=0.0 y=0.0 floor=-1 confidence=0.0 nearestNode= snappedX=null snappedY=null isIndoor=false
07-03 15:26:41.471 I/flutter (20970): [POLL] tick (Δ=1000ms)
07-03 15:26:41.510 I/flutter (20970): AUTO-TRANSITION eval=noIndoorDestination hits=0 dist=24.0 rssi=null
07-03 15:26:41.510 I/flutter (20970): [LOCATION REQUEST] {"buildingId":1,"gps":{"latitude":33.9252609,"longitude":75.0201551,"accuracy":60.0,"speed":0.0},"heading":0.0,"beacons":[]}
07-03 15:26:42.087 I/flutter (20970): [LOCATION RESPONSE] x=0.0 y=0.0 floor=-1 confidence=0.0 nearestNode= snappedX=null snappedY=null isIndoor=false
07-03 15:26:42.471 I/flutter (20970): [POLL] tick (Δ=999ms)
07-03 15:26:42.522 I/flutter (20970): AUTO-TRANSITION eval=noIndoorDestination hits=0 dist=24.0 rssi=null
07-03 15:26:42.524 I/flutter (20970): [LOCATION REQUEST] {"buildingId":1,"gps":{"latitude":33.9252609,"longitude":75.0201551,"accuracy":60.0,"speed":0.0},"heading":0.0,"beacons":[]}
07-03 15:26:42.807 I/flutter (20970): [LOCATION RESPONSE] x=0.0 y=0.0 floor=-1 confidence=0.0 nearestNode= snappedX=null snappedY=null isIndoor=false
07-03 15:26:43.474 I/flutter (20970): [POLL] tick (Δ=1000ms)
07-03 15:26:43.532 I/flutter (20970): AUTO-TRANSITION eval=noIndoorDestination hits=0 dist=24.0 rssi=null
07-03 15:26:43.534 I/flutter (20970): [LOCATION REQUEST] {"buildingId":1,"gps":{"latitude":33.9252609,"longitude":75.0201551,"accuracy":60.0,"speed":0.0},"heading":0.0,"beacons":[]}
07-03 15:26:43.814 I/flutter (20970): [LOCATION RESPONSE] x=0.0 y=0.0 floor=-1 confidence=0.0 nearestNode= snappedX=null snappedY=null isIndoor=false
07-03 15:26:44.470 I/flutter (20970): [POLL] tick (Δ=998ms)
07-03 15:26:44.505 I/flutter (20970): AUTO-TRANSITION eval=noIndoorDestination hits=0 dist=24.0 rssi=null
07-03 15:26:44.506 I/flutter (20970): [LOCATION REQUEST] {"buildingId":1,"gps":{"latitude":33.9252609,"longitude":75.0201551,"accuracy":60.0,"speed":0.0},"heading":0.0,"beacons":[]}
07-03 15:26:44.798 I/flutter (20970): [LOCATION RESPONSE] x=0.0 y=0.0 floor=-1 confidence=0.0 nearestNode= snappedX=null snappedY=null isIndoor=false
07-03 15:26:45.471 I/flutter (20970): [POLL] tick (Δ=1000ms)
07-03 15:26:45.564 I/flutter (20970): AUTO-TRANSITION eval=noIndoorDestination hits=0 dist=47.3 rssi=null
07-03 15:26:45.565 I/flutter (20970): [LOCATION REQUEST] {"buildingId":1,"gps":{"latitude":33.9250608,"longitude":75.0200783,"accuracy":19.38800048828125,"speed":0.6800448894500732},"heading":167.0157928466797,"beacons":[]}
07-03 15:26:45.851 I/flutter (20970): [LOCATION RESPONSE] x=0.0 y=0.0 floor=-1 confidence=0.0 nearestNode= snappedX=null snappedY=null isIndoor=false
07-03 15:26:46.471 I/flutter (20970): [POLL] tick (Δ=999ms)
07-03 15:26:46.522 I/flutter (20970): AUTO-TRANSITION eval=noIndoorDestination hits=0 dist=47.3 rssi=null
07-03 15:26:46.524 I/flutter (20970): [LOCATION REQUEST] {"buildingId":1,"gps":{"latitude":33.9250608,"longitude":75.0200783,"accuracy":19.38800048828125,"speed":0.6800448894500732},"heading":167.0157928466797,"beacons":[]}
07-03 15:26:46.827 I/flutter (20970): [LOCATION RESPONSE] x=0.0 y=0.0 floor=-1 confidence=0.0 nearestNode= snappedX=null snappedY=null isIndoor=false
07-03 15:26:47.470 I/flutter (20970): [POLL] tick (Δ=999ms)
07-03 15:26:47.497 I/flutter (20970): AUTO-TRANSITION eval=noIndoorDestination hits=0 dist=47.3 rssi=null
07-03 15:26:47.498 I/flutter (20970): [LOCATION REQUEST] {"buildingId":1,"gps":{"latitude":33.9250608,"longitude":75.0200783,"accuracy":19.38800048828125,"speed":0.6800448894500732},"heading":167.0157928466797,"beacons":[]}
07-03 15:26:48.033 I/flutter (20970): [LOCATION RESPONSE] x=0.0 y=0.0 floor=-1 confidence=0.0 nearestNode= snappedX=null snappedY=null isIndoor=false
07-03 15:26:48.472 I/flutter (20970): [POLL] tick (Δ=1000ms)
07-03 15:26:48.535 I/flutter (20970): AUTO-TRANSITION eval=noIndoorDestination hits=0 dist=47.3 rssi=null
07-03 15:26:48.537 I/flutter (20970): [LOCATION REQUEST] {"buildingId":1,"gps":{"latitude":33.9250608,"longitude":75.0200783,"accuracy":19.38800048828125,"speed":0.6800448894500732},"heading":167.0157928466797,"beacons":[]}
07-03 15:26:48.929 I/flutter (20970): [LOCATION RESPONSE] x=0.0 y=0.0 floor=-1 confidence=0.0 nearestNode= snappedX=null snappedY=null isIndoor=false
07-03 15:26:49.472 I/flutter (20970): [POLL] tick (Δ=1000ms)
07-03 15:26:49.520 I/flutter (20970): AUTO-TRANSITION eval=noIndoorDestination hits=0 dist=47.3 rssi=null
07-03 15:26:49.520 I/flutter (20970): [LOCATION REQUEST] {"buildingId":1,"gps":{"latitude":33.9250608,"longitude":75.0200783,"accuracy":19.38800048828125,"speed":0.6800448894500732},"heading":167.0157928466797,"beacons":[]}
07-03 15:26:50.065 I/flutter (20970): [LOCATION RESPONSE] x=0.0 y=0.0 floor=-1 confidence=0.0 nearestNode= snappedX=null snappedY=null isIndoor=false
07-03 15:26:50.472 I/flutter (20970): [POLL] tick (Δ=1000ms)
07-03 15:26:50.574 I/flutter (20970): AUTO-TRANSITION eval=noIndoorDestination hits=0 dist=47.1 rssi=null
07-03 15:26:50.575 I/flutter (20970): [LOCATION REQUEST] {"buildingId":1,"gps":{"latitude":33.9250634,"longitude":75.0200719,"accuracy":17.490999221801758,"speed":0.8777881860733032},"heading":91.0590591430664,"beacons":[]}
07-03 15:26:50.899 I/flutter (20970): [LOCATION RESPONSE] x=0.0 y=0.0 floor=-1 confidence=0.0 nearestNode= snappedX=null snappedY=null isIndoor=false
07-03 15:26:51.471 I/flutter (20970): [POLL] tick (Δ=999ms)
07-03 15:26:51.517 I/flutter (20970): AUTO-TRANSITION eval=noIndoorDestination hits=0 dist=46.1 rssi=null
07-03 15:26:51.517 I/flutter (20970): [LOCATION REQUEST] {"buildingId":1,"gps":{"latitude":33.9250714,"longitude":75.0200768,"accuracy":15.628000259399414,"speed":0.8801300525665283},"heading":90.0,"beacons":[]}
07-03 15:26:51.816 I/flutter (20970): [LOCATION RESPONSE] x=0.0 y=0.0 floor=-1 confidence=0.0 nearestNode= snappedX=null snappedY=null isIndoor=false
07-03 15:26:52.472 I/flutter (20970): [POLL] tick (Δ=1000ms)
07-03 15:26:52.527 I/flutter (20970): AUTO-TRANSITION eval=noIndoorDestination hits=0 dist=46.2 rssi=null
07-03 15:26:52.528 I/flutter (20970): [LOCATION REQUEST] {"buildingId":1,"gps":{"latitude":33.9250715,"longitude":75.0200752,"accuracy":15.79800033569336,"speed":0.8805997967720032},"heading":89.99617004394531,"beacons":[]}
07-03 15:26:52.816 I/flutter (20970): [LOCATION RESPONSE] x=0.0 y=0.0 floor=-1 confidence=0.0 nearestNode= snappedX=null snappedY=null isIndoor=false
07-03 15:26:53.473 I/flutter (20970): [POLL] tick (Δ=1000ms)
07-03 15:26:53.520 I/flutter (20970): AUTO-TRANSITION eval=noIndoorDestination hits=0 dist=46.1 rssi=null
07-03 15:26:53.522 I/flutter (20970): [LOCATION REQUEST] {"buildingId":1,"gps":{"latitude":33.9250717,"longitude":75.020077,"accuracy":16.100000381469727,"speed":0.8807430267333984},"heading":89.99175262451172,"beacons":[]}
07-03 15:26:53.910 I/flutter (20970): [LOCATION RESPONSE] x=0.0 y=0.0 floor=-1 confidence=0.0 nearestNode= snappedX=null snappedY=null isIndoor=false
07-03 15:26:54.473 I/flutter (20970): [POLL] tick (Δ=999ms)
07-03 15:26:54.530 I/flutter (20970): AUTO-TRANSITION eval=noIndoorDestination hits=0 dist=46.1 rssi=null
07-03 15:26:54.531 I/flutter (20970): [LOCATION REQUEST] {"buildingId":1,"gps":{"latitude":33.9250717,"longitude":75.020077,"accuracy":16.100000381469727,"speed":0.8807430267333984},"heading":89.99175262451172,"beacons":[]}
07-03 15:26:54.862 I/flutter (20970): [LOCATION RESPONSE] x=0.0 y=0.0 floor=-1 confidence=0.0 nearestNode= snappedX=null snappedY=null isIndoor=false
07-03 15:26:55.470 I/flutter (20970): [POLL] tick (Δ=998ms)
07-03 15:26:55.496 I/flutter (20970): AUTO-TRANSITION eval=noIndoorDestination hits=0 dist=46.1 rssi=null
07-03 15:26:55.496 I/flutter (20970): [LOCATION REQUEST] {"buildingId":1,"gps":{"latitude":33.9250717,"longitude":75.020077,"accuracy":16.100000381469727,"speed":0.8807430267333984},"heading":89.99175262451172,"beacons":[]}
07-03 15:26:55.824 I/flutter (20970): [LOCATION RESPONSE] x=0.0 y=0.0 floor=-1 confidence=0.0 nearestNode= snappedX=null snappedY=null isIndoor=false
07-03 15:26:56.471 I/flutter (20970): [POLL] tick (Δ=1000ms)
07-03 15:26:56.499 I/flutter (20970): AUTO-TRANSITION eval=noIndoorDestination hits=0 dist=46.0 rssi=null
07-03 15:26:56.500 I/flutter (20970): [LOCATION REQUEST] {"buildingId":1,"gps":{"latitude":33.9250726,"longitude":75.0200782,"accuracy":15.83899974822998,"speed":0.12416722625494003},"heading":89.99588012695312,"beacons":[]}
07-03 15:26:56.947 I/flutter (20970): [LOCATION RESPONSE] x=0.0 y=0.0 floor=-1 confidence=0.0 nearestNode= snappedX=null snappedY=null isIndoor=false
07-03 15:26:57.473 I/flutter (20970): [POLL] tick (Δ=1001ms)
07-03 15:26:57.532 I/flutter (20970): AUTO-TRANSITION eval=noIndoorDestination hits=0 dist=46.0 rssi=null
07-03 15:26:57.533 I/flutter (20970): [LOCATION REQUEST] {"buildingId":1,"gps":{"latitude":33.9250726,"longitude":75.0200782,"accuracy":15.83899974822998,"speed":0.12416722625494003},"heading":89.99588012695312,"beacons":[]}
07-03 15:26:58.072 I/flutter (20970): [LOCATION RESPONSE] x=0.0 y=0.0 floor=-1 confidence=0.0 nearestNode= snappedX=null snappedY=null isIndoor=false
07-03 15:26:58.474 I/flutter (20970): [POLL] tick (Δ=1000ms)
07-03 15:26:58.534 I/flutter (20970): AUTO-TRANSITION eval=noIndoorDestination hits=0 dist=46.0 rssi=null
07-03 15:26:58.535 I/flutter (20970): [LOCATION REQUEST] {"buildingId":1,"gps":{"latitude":33.9250726,"longitude":75.0200782,"accuracy":15.83899974822998,"speed":0.12416722625494003},"heading":89.99588012695312,"beacons":[]}
07-03 15:26:58.971 I/flutter (20970): [LOCATION RESPONSE] x=0.0 y=0.0 floor=-1 confidence=0.0 nearestNode= snappedX=null snappedY=null isIndoor=false
07-03 15:26:59.472 I/flutter (20970): [POLL] tick (Δ=998ms)
07-03 15:26:59.529 I/flutter (20970): AUTO-TRANSITION eval=noIndoorDestination hits=0 dist=46.0 rssi=null
07-03 15:26:59.530 I/flutter (20970): [LOCATION REQUEST] {"buildingId":1,"gps":{"latitude":33.9250726,"longitude":75.0200782,"accuracy":15.83899974822998,"speed":0.12416722625494003},"heading":89.99588012695312,"beacons":[]}
07-03 15:27:00.104 I/flutter (20970): [LOCATION RESPONSE] x=0.0 y=0.0 floor=-1 confidence=0.0 nearestNode= snappedX=null snappedY=null isIndoor=false
07-03 15:27:00.471 I/flutter (20970): [POLL] tick (Δ=999ms)
07-03 15:27:00.535 I/flutter (20970): AUTO-TRANSITION eval=noIndoorDestination hits=0 dist=46.2 rssi=null
07-03 15:27:00.536 I/flutter (20970): [LOCATION REQUEST] {"buildingId":1,"gps":{"latitude":33.9250722,"longitude":75.0200705,"accuracy":14.88599967956543,"speed":0.070016048848629},"heading":0.0,"beacons":[]}
07-03 15:27:00.830 I/flutter (20970): [LOCATION RESPONSE] x=0.0 y=0.0 floor=-1 confidence=0.0 nearestNode= snappedX=null snappedY=null isIndoor=false
07-03 15:27:01.473 I/flutter (20970): [POLL] tick (Δ=1000ms)
07-03 15:27:01.534 I/flutter (20970): AUTO-TRANSITION eval=noIndoorDestination hits=0 dist=45.6 rssi=null
07-03 15:27:01.535 I/flutter (20970): [LOCATION REQUEST] {"buildingId":1,"gps":{"latitude":33.9250783,"longitude":75.0200669,"accuracy":10.814000129699707,"speed":0.11633706092834473},"heading":89.9998779296875,"beacons":[]}
07-03 15:27:01.866 I/flutter (20970): [LOCATION RESPONSE] x=0.0 y=0.0 floor=-1 confidence=0.0 nearestNode= snappedX=null snappedY=null isIndoor=false
07-03 15:27:02.472 I/flutter (20970): [POLL] tick (Δ=1000ms)
07-03 15:27:02.518 I/flutter (20970): AUTO-TRANSITION eval=noIndoorDestination hits=0 dist=45.6 rssi=null
07-03 15:27:02.519 I/flutter (20970): [LOCATION REQUEST] {"buildingId":1,"gps":{"latitude":33.9250783,"longitude":75.0200669,"accuracy":10.814000129699707,"speed":0.11633706092834473},"heading":89.9998779296875,"beacons":[]}
07-03 15:27:02.804 I/flutter (20970): [LOCATION RESPONSE] x=0.0 y=0.0 floor=-1 confidence=0.0 nearestNode= snappedX=null snappedY=null isIndoor=false
07-03 15:27:03.472 I/flutter (20970): [POLL] tick (Δ=999ms)
07-03 15:27:03.526 I/flutter (20970): AUTO-TRANSITION eval=noIndoorDestination hits=0 dist=45.6 rssi=null
07-03 15:27:03.527 I/flutter (20970): [LOCATION REQUEST] {"buildingId":1,"gps":{"latitude":33.9250783,"longitude":75.0200669,"accuracy":10.814000129699707,"speed":0.11633706092834473},"heading":89.9998779296875,"beacons":[]}
07-03 15:27:03.815 I/flutter (20970): [LOCATION RESPONSE] x=0.0 y=0.0 floor=-1 confidence=0.0 nearestNode= snappedX=null snappedY=null isIndoor=false
07-03 15:27:04.472 I/flutter (20970): [POLL] tick (Δ=1000ms)
07-03 15:27:04.534 I/flutter (20970): AUTO-TRANSITION eval=noIndoorDestination hits=0 dist=45.6 rssi=null
07-03 15:27:04.536 I/flutter (20970): [LOCATION REQUEST] {"buildingId":1,"gps":{"latitude":33.9250783,"longitude":75.0200669,"accuracy":10.814000129699707,"speed":0.11633706092834473},"heading":89.9998779296875,"beacons":[]}
07-03 15:27:04.831 I/flutter (20970): [LOCATION RESPONSE] x=0.0 y=0.0 floor=-1 confidence=0.0 nearestNode= snappedX=null snappedY=null isIndoor=false
07-03 15:27:05.473 I/flutter (20970): [POLL] tick (Δ=1000ms)
07-03 15:27:05.583 I/flutter (20970): AUTO-TRANSITION eval=noIndoorDestination hits=0 dist=45.0 rssi=null
07-03 15:27:05.584 I/flutter (20970): [LOCATION REQUEST] {"buildingId":1,"gps":{"latitude":33.9250843,"longitude":75.020067,"accuracy":9.512999534606934,"speed":0.10140953212976456},"heading":89.99967956542969,"beacons":[]}
07-03 15:27:05.880 I/flutter (20970): [LOCATION RESPONSE] x=0.0 y=0.0 floor=-1 confidence=0.0 nearestNode= snappedX=null snappedY=null isIndoor=false
07-03 15:27:06.470 I/flutter (20970): [POLL] tick (Δ=997ms)
07-03 15:27:06.487 I/flutter (20970): AUTO-TRANSITION eval=noIndoorDestination hits=0 dist=45.0 rssi=null
07-03 15:27:06.487 I/flutter (20970): [LOCATION REQUEST] {"buildingId":1,"gps":{"latitude":33.9250843,"longitude":75.020067,"accuracy":9.512999534606934,"speed":0.10140953212976456},"heading":89.99967956542969,"beacons":[]}
07-03 15:27:06.813 I/flutter (20970): [LOCATION RESPONSE] x=0.0 y=0.0 floor=-1 confidence=0.0 nearestNode= snappedX=null snappedY=null isIndoor=false
07-03 15:27:07.471 I/flutter (20970): [POLL] tick (Δ=1001ms)
07-03 15:27:07.503 I/flutter (20970): AUTO-TRANSITION eval=noIndoorDestination hits=0 dist=45.0 rssi=null
07-03 15:27:07.504 I/flutter (20970): [LOCATION REQUEST] {"buildingId":1,"gps":{"latitude":33.9250843,"longitude":75.020067,"accuracy":9.512999534606934,"speed":0.10140953212976456},"heading":89.99967956542969,"beacons":[]}
07-03 15:27:07.951 I/flutter (20970): [LOCATION RESPONSE] x=0.0 y=0.0 floor=-1 confidence=0.0 nearestNode= snappedX=null snappedY=null isIndoor=false
07-03 15:27:08.472 I/flutter (20970): [POLL] tick (Δ=1000ms)
07-03 15:27:08.534 I/flutter (20970): AUTO-TRANSITION eval=noIndoorDestination hits=0 dist=45.0 rssi=null
07-03 15:27:08.536 I/flutter (20970): [LOCATION REQUEST] {"buildingId":1,"gps":{"latitude":33.9250843,"longitude":75.020067,"accuracy":9.512999534606934,"speed":0.10140953212976456},"heading":89.99967956542969,"beacons":[]}
07-03 15:27:08.658 I/flutter (20970): Realtime engine error: ClientException with SocketException: No route to host (OS Error: No route to host, errno = 113), address = cognifind-backend2.onrender.com, port = 41766, uri=https://cognifind-backend2.onrender.com/api/location
07-03 15:27:09.471 I/flutter (20970): [POLL] tick (Δ=999ms)
07-03 15:27:09.511 I/flutter (20970): AUTO-TRANSITION eval=noIndoorDestination hits=0 dist=45.0 rssi=null
07-03 15:27:09.511 I/flutter (20970): [LOCATION REQUEST] {"buildingId":1,"gps":{"latitude":33.9250843,"longitude":75.020067,"accuracy":9.512999534606934,"speed":0.10140953212976456},"heading":89.99967956542969,"beacons":[]}
07-03 15:27:09.809 I/flutter (20970): [LOCATION RESPONSE] x=0.0 y=0.0 floor=-1 confidence=0.0 nearestNode= snappedX=null snappedY=null isIndoor=false
07-03 15:27:10.472 I/flutter (20970): [POLL] tick (Δ=1000ms)
07-03 15:27:10.516 I/flutter (20970): AUTO-TRANSITION eval=noIndoorDestination hits=0 dist=45.0 rssi=null
07-03 15:27:10.518 I/flutter (20970): [LOCATION REQUEST] {"buildingId":1,"gps":{"latitude":33.9250842,"longitude":75.0200661,"accuracy":9.47700023651123,"speed":0.10195551812648773},"heading":89.99983978271484,"beacons":[]}
07-03 15:27:10.888 I/flutter (20970): [LOCATION RESPONSE] x=0.0 y=0.0 floor=-1 confidence=0.0 nearestNode= snappedX=null snappedY=null isIndoor=false
07-03 15:27:11.471 I/flutter (20970): [POLL] tick (Δ=999ms)
07-03 15:27:11.511 I/flutter (20970): AUTO-TRANSITION eval=noIndoorDestination hits=0 dist=45.0 rssi=null
07-03 15:27:11.512 I/flutter (20970): [LOCATION REQUEST] {"buildingId":1,"gps":{"latitude":33.9250842,"longitude":75.0200661,"accuracy":9.47700023651123,"speed":0.10195551812648773},"heading":89.99983978271484,"beacons":[]}
07-03 15:27:11.885 I/flutter (20970): [LOCATION RESPONSE] x=0.0 y=0.0 floor=-1 confidence=0.0 nearestNode= snappedX=null snappedY=null isIndoor=false
07-03 15:27:12.472 I/flutter (20970): [POLL] tick (Δ=1000ms)
07-03 15:27:12.513 I/flutter (20970): AUTO-TRANSITION eval=noIndoorDestination hits=0 dist=39.9 rssi=null
07-03 15:27:12.514 I/flutter (20970): [LOCATION REQUEST] {"buildingId":1,"gps":{"latitude":33.9251266,"longitude":75.0200917,"accuracy":8.628000259399414,"speed":0.057937171310186386},"heading":0.0,"beacons":[]}
07-03 15:27:12.981 I/flutter (20970): [LOCATION RESPONSE] x=0.0 y=0.0 floor=-1 confidence=0.0 nearestNode= snappedX=null snappedY=null isIndoor=false
07-03 15:27:13.471 I/flutter (20970): [POLL] tick (Δ=999ms)
07-03 15:27:13.509 I/flutter (20970): AUTO-TRANSITION eval=noIndoorDestination hits=0 dist=39.9 rssi=null
07-03 15:27:13.510 I/flutter (20970): [LOCATION REQUEST] {"buildingId":1,"gps":{"latitude":33.9251266,"longitude":75.0200917,"accuracy":8.628000259399414,"speed":0.057937171310186386},"heading":0.0,"beacons":[]}
07-03 15:27:14.102 I/flutter (20970): [LOCATION RESPONSE] x=0.0 y=0.0 floor=-1 confidence=0.0 nearestNode= snappedX=null snappedY=null isIndoor=false
07-03 15:27:14.472 I/flutter (20970): [POLL] tick (Δ=1001ms)
07-03 15:27:14.503 I/flutter (20970): AUTO-TRANSITION eval=noIndoorDestination hits=0 dist=39.9 rssi=null
07-03 15:27:14.503 I/flutter (20970): [LOCATION REQUEST] {"buildingId":1,"gps":{"latitude":33.9251266,"longitude":75.0200917,"accuracy":8.628000259399414,"speed":0.057937171310186386},"heading":0.0,"beacons":[]}
07-03 15:27:15.013 I/flutter (20970): [LOCATION RESPONSE] x=0.0 y=0.0 floor=-1 confidence=0.0 nearestNode= snappedX=null snappedY=null isIndoor=false
07-03 15:27:15.472 I/flutter (20970): [POLL] tick (Δ=999ms)
07-03 15:27:15.534 I/flutter (20970): AUTO-TRANSITION eval=noIndoorDestination hits=0 dist=39.9 rssi=null
07-03 15:27:15.536 I/flutter (20970): [LOCATION REQUEST] {"buildingId":1,"gps":{"latitude":33.9251266,"longitude":75.0200917,"accuracy":8.628000259399414,"speed":0.057937171310186386},"heading":0.0,"beacons":[]}
07-03 15:27:16.022 I/flutter (20970): [LOCATION RESPONSE] x=0.0 y=0.0 floor=-1 confidence=0.0 nearestNode= snappedX=null snappedY=null isIndoor=false
07-03 15:27:16.471 I/flutter (20970): [POLL] tick (Δ=999ms)
07-03 15:27:16.524 I/flutter (20970): AUTO-TRANSITION eval=noIndoorDestination hits=0 dist=39.3 rssi=null
07-03 15:27:16.526 I/flutter (20970): [LOCATION REQUEST] {"buildingId":1,"gps":{"latitude":33.9251313,"longitude":75.020092,"accuracy":8.76099967956543,"speed":0.06227455660700798},"heading":0.0,"beacons":[]}
07-03 15:27:16.926 I/flutter (20970): [LOCATION RESPONSE] x=0.0 y=0.0 floor=-1 confidence=0.0 nearestNode= snappedX=null snappedY=null isIndoor=false
07-03 15:27:17.473 I/flutter (20970): [POLL] tick (Δ=1001ms)
07-03 15:27:17.543 I/flutter (20970): AUTO-TRANSITION eval=noIndoorDestination hits=0 dist=39.3 rssi=null
07-03 15:27:17.545 I/flutter (20970): [LOCATION REQUEST] {"buildingId":1,"gps":{"latitude":33.9251313,"longitude":75.020092,"accuracy":8.76099967956543,"speed":0.06227455660700798},"heading":0.0,"beacons":[]}
07-03 15:27:17.870 I/flutter (20970): [LOCATION RESPONSE] x=0.0 y=0.0 floor=-1 confidence=0.0 nearestNode= snappedX=null snappedY=null isIndoor=false
07-03 15:27:18.473 I/flutter (20970): [POLL] tick (Δ=1000ms)
07-03 15:27:18.530 I/flutter (20970): AUTO-TRANSITION eval=noIndoorDestination hits=0 dist=39.3 rssi=null
07-03 15:27:18.531 I/flutter (20970): [LOCATION REQUEST] {"buildingId":1,"gps":{"latitude":33.9251313,"longitude":75.020092,"accuracy":8.76099967956543,"speed":0.06227455660700798},"heading":0.0,"beacons":[]}
07-03 15:27:18.799 I/flutter (20970): [LOCATION RESPONSE] x=0.0 y=0.0 floor=-1 confidence=0.0 nearestNode= snappedX=null snappedY=null isIndoor=false
07-03 15:27:19.471 I/flutter (20970): [POLL] tick (Δ=998ms)
07-03 15:27:19.601 I/flutter (20970): [POLL] stopped
07-03 15:27:19.602 I/flutter (20970): BLE STOP RUNNING
07-03 15:27:19.602 I/flutter (20970): [POLL] paused (REALTIME TRACKING PAUSED)
07-03 15:27:19.612 I/flutter (20970): [FBP] stopScan: already stopped
07-03 15:27:19.623 I/flutter (20970): AUTO-TRANSITION eval=noIndoorDestination hits=0 dist=39.3 rssi=null
07-03 15:27:19.623 I/flutter (20970): [LOCATION REQUEST] {"buildingId":1,"gps":{"latitude":33.9251313,"longitude":75.020092,"accuracy":8.76099967956543,"speed":0.06227455660700798},"heading":0.0,"beacons":[]}
07-03 15:27:19.641 I/flutter (20970): Realtime engine error: ClientException with SocketException: Failed host lookup: 'cognifind-backend2.onrender.com' (OS Error: No address associated with hostname, errno = 7), uri=https://cognifind-backend2.onrender.com/api/location
07-03 15:28:51.571 I/flutter (20970): BLE START RUNNING
07-03 15:28:51.572 I/flutter (20970): [POLL] started (cadence=1s)
07-03 15:28:51.572 I/flutter (20970): [POLL] resumed (REALTIME TRACKING RESUMED)
07-03 15:28:51.584 I/flutter (20970): BLE START ERROR: PlatformException(startScan, Bluetooth must be turned on, null, null)
07-03 15:28:52.574 I/flutter (20970): [POLL] tick (Δ=93102ms)
07-03 15:28:53.572 I/flutter (20970): [POLL] tick (Δ=999ms)
07-03 15:28:54.573 I/flutter (20970): [POLL] tick (Δ=1000ms)
07-03 15:28:55.233 I/flutter (20970): AUTO-TRANSITION eval=noIndoorDestination hits=0 dist=21.9 rssi=null
07-03 15:28:55.235 I/flutter (20970): [LOCATION REQUEST] {"buildingId":1,"gps":{"latitude":33.9252835,"longitude":75.0201387,"accuracy":48.900001525878906,"speed":0.0},"heading":0.0,"beacons":[]}
07-03 15:28:55.256 I/flutter (20970): AUTO-TRANSITION eval=noIndoorDestination hits=0 dist=21.9 rssi=null
07-03 15:28:55.257 I/flutter (20970): [LOCATION REQUEST] {"buildingId":1,"gps":{"latitude":33.9252835,"longitude":75.0201387,"accuracy":48.900001525878906,"speed":0.0},"heading":0.0,"beacons":[]}
07-03 15:28:55.259 I/flutter (20970): AUTO-TRANSITION eval=noIndoorDestination hits=0 dist=21.9 rssi=null
07-03 15:28:55.259 I/flutter (20970): [LOCATION REQUEST] {"buildingId":1,"gps":{"latitude":33.9252835,"longitude":75.0201387,"accuracy":48.900001525878906,"speed":0.0},"heading":0.0,"beacons":[]}
07-03 15:28:55.572 I/flutter (20970): [POLL] tick (Δ=999ms)
07-03 15:28:55.583 I/flutter (20970): AUTO-TRANSITION eval=noIndoorDestination hits=0 dist=21.9 rssi=null
07-03 15:28:55.583 I/flutter (20970): [LOCATION REQUEST] {"buildingId":1,"gps":{"latitude":33.9252835,"longitude":75.0201387,"accuracy":48.900001525878906,"speed":0.0},"heading":0.0,"beacons":[]}
07-03 15:28:56.574 I/flutter (20970): [POLL] tick (Δ=1001ms)
07-03 15:28:56.606 I/flutter (20970): AUTO-TRANSITION eval=noIndoorDestination hits=0 dist=23.7 rssi=null
07-03 15:28:56.607 I/flutter (20970): [LOCATION REQUEST] {"buildingId":1,"gps":{"latitude":33.9252724,"longitude":75.020115,"accuracy":33.12300109863281,"speed":1.1442103385925293},"heading":325.11248779296875,"beacons":[]}
07-03 15:28:57.572 I/flutter (20970): [POLL] tick (Δ=998ms)
07-03 15:28:57.590 I/flutter (20970): AUTO-TRANSITION eval=noIndoorDestination hits=0 dist=23.7 rssi=null
07-03 15:28:57.590 I/flutter (20970): [LOCATION REQUEST] {"buildingId":1,"gps":{"latitude":33.9252724,"longitude":75.020115,"accuracy":33.12300109863281,"speed":1.1442103385925293},"heading":325.11248779296875,"beacons":[]}
07-03 15:28:57.876 I/flutter (20970): [LOCATION RESPONSE] x=0.0 y=0.0 floor=-1 confidence=0.0 nearestNode= snappedX=null snappedY=null isIndoor=false
07-03 15:28:57.878 I/flutter (20970): [LOCATION RESPONSE] x=0.0 y=0.0 floor=-1 confidence=0.0 nearestNode= snappedX=null snappedY=null isIndoor=false
07-03 15:28:57.883 I/flutter (20970): [LOCATION RESPONSE] x=0.0 y=0.0 floor=-1 confidence=0.0 nearestNode= snappedX=null snappedY=null isIndoor=false
07-03 15:28:57.885 I/flutter (20970): [LOCATION RESPONSE] x=0.0 y=0.0 floor=-1 confidence=0.0 nearestNode= snappedX=null snappedY=null isIndoor=false
07-03 15:28:57.886 I/flutter (20970): [LOCATION RESPONSE] x=0.0 y=0.0 floor=-1 confidence=0.0 nearestNode= snappedX=null snappedY=null isIndoor=false
07-03 15:28:57.892 I/flutter (20970): [LOCATION RESPONSE] x=0.0 y=0.0 floor=-1 confidence=0.0 nearestNode= snappedX=null snappedY=null isIndoor=false
07-03 15:28:58.575 I/flutter (20970): [POLL] tick (Δ=1002ms)
07-03 15:28:58.626 I/flutter (20970): AUTO-TRANSITION eval=noIndoorDestination hits=0 dist=23.7 rssi=null
07-03 15:28:58.627 I/flutter (20970): [LOCATION REQUEST] {"buildingId":1,"gps":{"latitude":33.9252724,"longitude":75.020115,"accuracy":33.12300109863281,"speed":1.1442103385925293},"heading":325.11248779296875,"beacons":[]}
07-03 15:28:58.937 I/flutter (20970): [LOCATION RESPONSE] x=0.0 y=0.0 floor=-1 confidence=0.0 nearestNode= snappedX=null snappedY=null isIndoor=false
07-03 15:28:59.575 I/flutter (20970): [POLL] tick (Δ=999ms)
07-03 15:28:59.624 I/flutter (20970): AUTO-TRANSITION eval=noIndoorDestination hits=0 dist=23.7 rssi=null
07-03 15:28:59.625 I/flutter (20970): [LOCATION REQUEST] {"buildingId":1,"gps":{"latitude":33.9252724,"longitude":75.020115,"accuracy":33.12300109863281,"speed":1.1442103385925293},"heading":325.11248779296875,"beacons":[]}
07-03 15:29:00.188 I/flutter (20970): [LOCATION RESPONSE] x=0.0 y=0.0 floor=-1 confidence=0.0 nearestNode= snappedX=null snappedY=null isIndoor=false
07-03 15:29:00.574 I/flutter (20970): [POLL] tick (Δ=999ms)
07-03 15:29:00.599 I/flutter (20970): AUTO-TRANSITION eval=noIndoorDestination hits=0 dist=44.1 rssi=null
07-03 15:29:00.599 I/flutter (20970): [LOCATION REQUEST] {"buildingId":1,"gps":{"latitude":33.9250923,"longitude":75.0200683,"accuracy":17.347000122070312,"speed":0.015308495610952377},"heading":0.0,"beacons":[]}
07-03 15:29:01.001 I/flutter (20970): [LOCATION RESPONSE] x=0.0 y=0.0 floor=-1 confidence=0.0 nearestNode= snappedX=null snappedY=null isIndoor=false
07-03 15:29:01.575 I/flutter (20970): [POLL] tick (Δ=1000ms)
07-03 15:29:01.616 I/flutter (20970): AUTO-TRANSITION eval=noIndoorDestination hits=0 dist=44.1 rssi=null
07-03 15:29:01.617 I/flutter (20970): [LOCATION REQUEST] {"buildingId":1,"gps":{"latitude":33.9250923,"longitude":75.0200683,"accuracy":17.347000122070312,"speed":0.015308495610952377},"heading":0.0,"beacons":[]}
07-03 15:29:02.357 I/flutter (20970): [LOCATION RESPONSE] x=0.0 y=0.0 floor=-1 confidence=0.0 nearestNode= snappedX=null snappedY=null isIndoor=false
07-03 15:29:02.574 I/flutter (20970): [POLL] tick (Δ=999ms)
07-03 15:29:02.619 I/flutter (20970): AUTO-TRANSITION eval=noIndoorDestination hits=0 dist=44.1 rssi=null
07-03 15:29:02.620 I/flutter (20970): [LOCATION REQUEST] {"buildingId":1,"gps":{"latitude":33.9250923,"longitude":75.0200683,"accuracy":17.347000122070312,"speed":0.015308495610952377},"heading":0.0,"beacons":[]}
07-03 15:29:03.056 I/flutter (20970): [LOCATION RESPONSE] x=0.0 y=0.0 floor=-1 confidence=0.0 nearestNode= snappedX=null snappedY=null isIndoor=false
07-03 15:29:03.576 I/flutter (20970): [POLL] tick (Δ=1001ms)
07-03 15:29:03.638 I/flutter (20970): AUTO-TRANSITION eval=noIndoorDestination hits=0 dist=44.1 rssi=null
07-03 15:29:03.639 I/flutter (20970): [LOCATION REQUEST] {"buildingId":1,"gps":{"latitude":33.9250923,"longitude":75.0200683,"accuracy":17.347000122070312,"speed":0.015308495610952377},"heading":0.0,"beacons":[]}
07-03 15:29:04.130 I/flutter (20970): [LOCATION RESPONSE] x=0.0 y=0.0 floor=-1 confidence=0.0 nearestNode= snappedX=null snappedY=null isIndoor=false
07-03 15:29:04.574 I/flutter (20970): [POLL] tick (Δ=998ms)
07-03 15:29:04.628 I/flutter (20970): AUTO-TRANSITION eval=noIndoorDestination hits=0 dist=44.1 rssi=null
07-03 15:29:04.628 I/flutter (20970): [LOCATION REQUEST] {"buildingId":1,"gps":{"latitude":33.9250923,"longitude":75.0200683,"accuracy":17.347000122070312,"speed":0.015308495610952377},"heading":0.0,"beacons":[]}
07-03 15:29:04.998 I/flutter (20970): [LOCATION RESPONSE] x=0.0 y=0.0 floor=-1 confidence=0.0 nearestNode= snappedX=null snappedY=null isIndoor=false
07-03 15:29:05.574 I/flutter (20970): [POLL] tick (Δ=999ms)
07-03 15:29:05.629 I/flutter (20970): AUTO-TRANSITION eval=noIndoorDestination hits=0 dist=35.2 rssi=null
07-03 15:29:05.629 I/flutter (20970): [LOCATION REQUEST] {"buildingId":1,"gps":{"latitude":33.9251594,"longitude":75.0201532,"accuracy":16.663999557495117,"speed":0.3231419026851654},"heading":0.021332940086722374,"beacons":[]}
07-03 15:29:05.948 I/flutter (20970): [LOCATION RESPONSE] x=0.0 y=0.0 floor=-1 confidence=0.0 nearestNode= snappedX=null snappedY=null isIndoor=false
07-03 15:29:06.576 I/flutter (20970): [POLL] tick (Δ=1001ms)
07-03 15:29:06.640 I/flutter (20970): AUTO-TRANSITION eval=noIndoorDestination hits=0 dist=35.2 rssi=null
07-03 15:29:06.641 I/flutter (20970): [LOCATION REQUEST] {"buildingId":1,"gps":{"latitude":33.9251594,"longitude":75.0201532,"accuracy":16.663999557495117,"speed":0.3231419026851654},"heading":0.021332940086722374,"beacons":[]}
07-03 15:29:06.976 I/flutter (20970): [LOCATION RESPONSE] x=0.0 y=0.0 floor=-1 confidence=0.0 nearestNode= snappedX=null snappedY=null isIndoor=false
07-03 15:29:07.575 I/flutter (20970): [POLL] tick (Δ=999ms)
07-03 15:29:07.642 I/flutter (20970): AUTO-TRANSITION eval=noIndoorDestination hits=0 dist=35.2 rssi=null
07-03 15:29:07.643 I/flutter (20970): [LOCATION REQUEST] {"buildingId":1,"gps":{"latitude":33.9251594,"longitude":75.0201532,"accuracy":16.663999557495117,"speed":0.3231419026851654},"heading":0.021332940086722374,"beacons":[]}
07-03 15:29:07.985 I/flutter (20970): [LOCATION RESPONSE] x=0.0 y=0.0 floor=-1 confidence=0.0 nearestNode= snappedX=null snappedY=null isIndoor=false
07-03 15:29:08.575 I/flutter (20970): [POLL] tick (Δ=999ms)
07-03 15:29:08.619 I/flutter (20970): AUTO-TRANSITION eval=noIndoorDestination hits=0 dist=35.2 rssi=null
07-03 15:29:08.620 I/flutter (20970): [LOCATION REQUEST] {"buildingId":1,"gps":{"latitude":33.9251594,"longitude":75.0201532,"accuracy":16.663999557495117,"speed":0.3231419026851654},"heading":0.021332940086722374,"beacons":[]}
07-03 15:29:08.893 I/flutter (20970): [LOCATION RESPONSE] x=0.0 y=0.0 floor=-1 confidence=0.0 nearestNode= snappedX=null snappedY=null isIndoor=false
07-03 15:29:09.573 I/flutter (20970): [POLL] tick (Δ=998ms)
07-03 15:29:09.594 I/flutter (20970): AUTO-TRANSITION eval=noIndoorDestination hits=0 dist=35.2 rssi=null
07-03 15:29:09.594 I/flutter (20970): [LOCATION REQUEST] {"buildingId":1,"gps":{"latitude":33.9251594,"longitude":75.0201532,"accuracy":16.663999557495117,"speed":0.3231419026851654},"heading":0.021332940086722374,"beacons":[]}
07-03 15:29:09.962 I/flutter (20970): [LOCATION RESPONSE] x=0.0 y=0.0 floor=-1 confidence=0.0 nearestNode= snappedX=null snappedY=null isIndoor=false
07-03 15:29:10.573 I/flutter (20970): [POLL] tick (Δ=1000ms)
07-03 15:29:10.598 I/flutter (20970): AUTO-TRANSITION eval=noIndoorDestination hits=0 dist=34.0 rssi=null
07-03 15:29:10.598 I/flutter (20970): [LOCATION REQUEST] {"buildingId":1,"gps":{"latitude":33.9251688,"longitude":75.0201608,"accuracy":15.107000350952148,"speed":0.25925880670547485},"heading":95.72683715820312,"beacons":[]}
07-03 15:29:10.978 I/flutter (20970): [LOCATION RESPONSE] x=0.0 y=0.0 floor=-1 confidence=0.0 nearestNode= snappedX=null snappedY=null isIndoor=false
07-03 15:29:11.573 I/flutter (20970): [POLL] tick (Δ=1000ms)
07-03 15:29:11.600 I/flutter (20970): AUTO-TRANSITION eval=noIndoorDestination hits=0 dist=34.0 rssi=null
07-03 15:29:11.600 I/flutter (20970): [LOCATION REQUEST] {"buildingId":1,"gps":{"latitude":33.9251688,"longitude":75.0201608,"accuracy":15.107000350952148,"speed":0.25925880670547485},"heading":95.72683715820312,"beacons":[]}
07-03 15:29:11.919 I/flutter (20970): [LOCATION RESPONSE] x=0.0 y=0.0 floor=-1 confidence=0.0 nearestNode= snappedX=null snappedY=null isIndoor=false
07-03 15:29:12.574 I/flutter (20970): [POLL] tick (Δ=1000ms)
07-03 15:29:12.605 I/flutter (20970): AUTO-TRANSITION eval=noIndoorDestination hits=0 dist=34.0 rssi=null
07-03 15:29:12.606 I/flutter (20970): [LOCATION REQUEST] {"buildingId":1,"gps":{"latitude":33.9251688,"longitude":75.0201608,"accuracy":15.107000350952148,"speed":0.25925880670547485},"heading":95.72683715820312,"beacons":[]}
07-03 15:29:13.008 I/flutter (20970): [LOCATION RESPONSE] x=0.0 y=0.0 floor=-1 confidence=0.0 nearestNode= snappedX=null snappedY=null isIndoor=false
07-03 15:29:13.573 I/flutter (20970): [POLL] tick (Δ=999ms)
07-03 15:29:13.609 I/flutter (20970): AUTO-TRANSITION eval=noIndoorDestination hits=0 dist=34.1 rssi=null
07-03 15:29:13.610 I/flutter (20970): [LOCATION REQUEST] {"buildingId":1,"gps":{"latitude":33.9251686,"longitude":75.0201608,"accuracy":15.062000274658203,"speed":0.25965002179145813},"heading":95.61888885498047,"beacons":[]}
07-03 15:29:14.011 I/flutter (20970): [LOCATION RESPONSE] x=0.0 y=0.0 floor=-1 confidence=0.0 nearestNode= snappedX=null snappedY=null isIndoor=false
07-03 15:29:14.573 I/flutter (20970): [POLL] tick (Δ=999ms)
07-03 15:29:14.615 I/flutter (20970): AUTO-TRANSITION eval=noIndoorDestination hits=0 dist=34.1 rssi=null
07-03 15:29:14.615 I/flutter (20970): [LOCATION REQUEST] {"buildingId":1,"gps":{"latitude":33.9251686,"longitude":75.0201608,"accuracy":15.062000274658203,"speed":0.25965002179145813},"heading":95.61888885498047,"beacons":[]}
07-03 15:29:15.008 I/flutter (20970): [LOCATION RESPONSE] x=0.0 y=0.0 floor=-1 confidence=0.0 nearestNode= snappedX=null snappedY=null isIndoor=false
07-03 15:29:15.575 I/flutter (20970): [POLL] tick (Δ=1002ms)
07-03 15:29:15.631 I/flutter (20970): AUTO-TRANSITION eval=noIndoorDestination hits=0 dist=29.8 rssi=null
07-03 15:29:15.631 I/flutter (20970): [LOCATION REQUEST] {"buildingId":1,"gps":{"latitude":33.9252084,"longitude":75.0201536,"accuracy":11.184000015258789,"speed":0.4212627708911896},"heading":75.53276062011719,"beacons":[]}
07-03 15:29:15.908 I/flutter (20970): [LOCATION RESPONSE] x=0.0 y=0.0 floor=-1 confidence=0.0 nearestNode= snappedX=null snappedY=null isIndoor=false
07-03 15:29:16.573 I/flutter (20970): [POLL] tick (Δ=997ms)
07-03 15:29:16.604 I/flutter (20970): AUTO-TRANSITION eval=noIndoorDestination hits=0 dist=29.8 rssi=null
07-03 15:29:16.604 I/flutter (20970): [LOCATION REQUEST] {"buildingId":1,"gps":{"latitude":33.9252084,"longitude":75.0201536,"accuracy":11.184000015258789,"speed":0.4212627708911896},"heading":75.53276062011719,"beacons":[]}
07-03 15:29:16.926 I/flutter (20970): [LOCATION RESPONSE] x=0.0 y=0.0 floor=-1 confidence=0.0 nearestNode= snappedX=null snappedY=null isIndoor=false
07-03 15:29:17.575 I/flutter (20970): [POLL] tick (Δ=1001ms)
07-03 15:29:17.639 I/flutter (20970): AUTO-TRANSITION eval=noIndoorDestination hits=0 dist=29.8 rssi=null
07-03 15:29:17.639 I/flutter (20970): [LOCATION REQUEST] {"buildingId":1,"gps":{"latitude":33.9252084,"longitude":75.0201536,"accuracy":11.184000015258789,"speed":0.4212627708911896},"heading":75.53276062011719,"beacons":[]}
07-03 15:29:18.025 I/flutter (20970): [LOCATION RESPONSE] x=0.0 y=0.0 floor=-1 confidence=0.0 nearestNode= snappedX=null snappedY=null isIndoor=false
07-03 15:29:18.574 I/flutter (20970): [POLL] tick (Δ=998ms)
07-03 15:29:18.615 I/flutter (20970): AUTO-TRANSITION eval=noIndoorDestination hits=0 dist=29.8 rssi=null
07-03 15:29:18.615 I/flutter (20970): [LOCATION REQUEST] {"buildingId":1,"gps":{"latitude":33.9252084,"longitude":75.0201536,"accuracy":11.184000015258789,"speed":0.4212627708911896},"heading":75.53276062011719,"beacons":[]}
07-03 15:29:18.999 I/flutter (20970): [LOCATION RESPONSE] x=0.0 y=0.0 floor=-1 confidence=0.0 nearestNode= snappedX=null snappedY=null isIndoor=false
07-03 15:29:19.573 I/flutter (20970): [POLL] tick (Δ=999ms)
07-03 15:29:19.609 I/flutter (20970): AUTO-TRANSITION eval=noIndoorDestination hits=0 dist=29.8 rssi=null
07-03 15:29:19.609 I/flutter (20970): [LOCATION REQUEST] {"buildingId":1,"gps":{"latitude":33.9252084,"longitude":75.0201536,"accuracy":11.184000015258789,"speed":0.4212627708911896},"heading":75.53276062011719,"beacons":[]}
07-03 15:29:19.997 I/flutter (20970): [LOCATION RESPONSE] x=0.0 y=0.0 floor=-1 confidence=0.0 nearestNode= snappedX=null snappedY=null isIndoor=false
07-03 15:29:20.573 I/flutter (20970): [POLL] tick (Δ=999ms)
07-03 15:29:20.630 I/flutter (20970): AUTO-TRANSITION eval=noIndoorDestination hits=0 dist=29.0 rssi=null
07-03 15:29:20.631 I/flutter (20970): [LOCATION REQUEST] {"buildingId":1,"gps":{"latitude":33.9252147,"longitude":75.0201624,"accuracy":9.118000030517578,"speed":0.42298781871795654},"heading":73.97013854980469,"beacons":[]}
07-03 15:29:21.046 I/flutter (20970): [LOCATION RESPONSE] x=0.0 y=0.0 floor=-1 confidence=0.0 nearestNode= snappedX=null snappedY=null isIndoor=false
07-03 15:29:21.573 I/flutter (20970): [POLL] tick (Δ=1000ms)
07-03 15:29:21.620 I/flutter (20970): AUTO-TRANSITION eval=noIndoorDestination hits=0 dist=29.0 rssi=null
07-03 15:29:21.620 I/flutter (20970): [LOCATION REQUEST] {"buildingId":1,"gps":{"latitude":33.9252147,"longitude":75.0201624,"accuracy":9.118000030517578,"speed":0.42298781871795654},"heading":73.97013854980469,"beacons":[]}
07-03 15:29:22.176 I/flutter (20970): [LOCATION RESPONSE] x=0.0 y=0.0 floor=-1 confidence=0.0 nearestNode= snappedX=null snappedY=null isIndoor=false
07-03 15:29:22.574 I/flutter (20970): [POLL] tick (Δ=1000ms)
07-03 15:29:22.622 I/flutter (20970): AUTO-TRANSITION eval=noIndoorDestination hits=0 dist=30.4 rssi=null
07-03 15:29:22.622 I/flutter (20970): [LOCATION REQUEST] {"buildingId":1,"gps":{"latitude":33.9252058,"longitude":75.0201341,"accuracy":9.060999870300293,"speed":0.04324173554778099},"heading":0.0,"beacons":[]}
07-03 15:29:23.023 I/flutter (20970): [LOCATION RESPONSE] x=0.0 y=0.0 floor=-1 confidence=0.0 nearestNode= snappedX=null snappedY=null isIndoor=false
07-03 15:29:23.576 I/flutter (20970): [POLL] tick (Δ=1001ms)
07-03 15:29:23.635 I/flutter (20970): AUTO-TRANSITION eval=noIndoorDestination hits=0 dist=30.8 rssi=null
07-03 15:29:23.636 I/flutter (20970): [LOCATION REQUEST] {"buildingId":1,"gps":{"latitude":33.9252036,"longitude":75.0201265,"accuracy":8.718000411987305,"speed":0.04321430251002312},"heading":0.0,"beacons":[]}
07-03 15:29:24.009 I/flutter (20970): [LOCATION RESPONSE] x=0.0 y=0.0 floor=-1 confidence=0.0 nearestNode= snappedX=null snappedY=null isIndoor=false
07-03 15:29:24.574 I/flutter (20970): [POLL] tick (Δ=998ms)
07-03 15:29:24.612 I/flutter (20970): AUTO-TRANSITION eval=noIndoorDestination hits=0 dist=30.8 rssi=null
07-03 15:29:24.612 I/flutter (20970): [LOCATION REQUEST] {"buildingId":1,"gps":{"latitude":33.9252036,"longitude":75.0201265,"accuracy":8.718000411987305,"speed":0.04321430251002312},"heading":0.0,"beacons":[]}
07-03 15:29:24.888 I/flutter (20970): [LOCATION RESPONSE] x=0.0 y=0.0 floor=-1 confidence=0.0 nearestNode= snappedX=null snappedY=null isIndoor=false
07-03 15:29:25.573 I/flutter (20970): [POLL] tick (Δ=999ms)
07-03 15:29:25.617 I/flutter (20970): AUTO-TRANSITION eval=noIndoorDestination hits=0 dist=32.1 rssi=null
07-03 15:29:25.617 I/flutter (20970): [LOCATION REQUEST] {"buildingId":1,"gps":{"latitude":33.925199,"longitude":75.0200918,"accuracy":7.376999855041504,"speed":0.029888097196817398},"heading":0.0,"beacons":[]}
07-03 15:29:25.914 I/flutter (20970): [LOCATION RESPONSE] x=0.0 y=0.0 floor=-1 confidence=0.0 nearestNode= snappedX=null snappedY=null isIndoor=false
07-03 15:29:26.573 I/flutter (20970): [POLL] tick (Δ=999ms)
07-03 15:29:26.602 I/flutter (20970): AUTO-TRANSITION eval=noIndoorDestination hits=0 dist=32.1 rssi=null
07-03 15:29:26.602 I/flutter (20970): [LOCATION REQUEST] {"buildingId":1,"gps":{"latitude":33.925199,"longitude":75.0200918,"accuracy":7.376999855041504,"speed":0.029888097196817398},"heading":0.0,"beacons":[]}
07-03 15:29:26.938 I/flutter (20970): [LOCATION RESPONSE] x=0.0 y=0.0 floor=-1 confidence=0.0 nearestNode= snappedX=null snappedY=null isIndoor=false
07-03 15:29:27.573 I/flutter (20970): [POLL] tick (Δ=1000ms)
07-03 15:29:27.600 I/flutter (20970): AUTO-TRANSITION eval=noIndoorDestination hits=0 dist=32.1 rssi=null
07-03 15:29:27.601 I/flutter (20970): [LOCATION REQUEST] {"buildingId":1,"gps":{"latitude":33.925199,"longitude":75.0200918,"accuracy":7.376999855041504,"speed":0.029888097196817398},"heading":0.0,"beacons":[]}
07-03 15:29:27.894 I/flutter (20970): [LOCATION RESPONSE] x=0.0 y=0.0 floor=-1 confidence=0.0 nearestNode= snappedX=null snappedY=null isIndoor=false
07-03 15:29:28.572 I/flutter (20970): [POLL] tick (Δ=999ms)
07-03 15:29:28.594 I/flutter (20970): AUTO-TRANSITION eval=noIndoorDestination hits=0 dist=32.1 rssi=null
07-03 15:29:28.594 I/flutter (20970): [LOCATION REQUEST] {"buildingId":1,"gps":{"latitude":33.925199,"longitude":75.0200918,"accuracy":7.376999855041504,"speed":0.029888097196817398},"heading":0.0,"beacons":[]}
07-03 15:29:28.905 I/flutter (20970): [LOCATION RESPONSE] x=0.0 y=0.0 floor=-1 confidence=0.0 nearestNode= snappedX=null snappedY=null isIndoor=false
07-03 15:29:29.576 I/flutter (20970): [POLL] tick (Δ=1002ms)
07-03 15:29:29.627 I/flutter (20970): AUTO-TRANSITION eval=noIndoorDestination hits=0 dist=32.1 rssi=null
07-03 15:29:29.628 I/flutter (20970): [LOCATION REQUEST] {"buildingId":1,"gps":{"latitude":33.925199,"longitude":75.0200918,"accuracy":7.376999855041504,"speed":0.029888097196817398},"heading":0.0,"beacons":[]}
07-03 15:29:30.168 I/flutter (20970): [LOCATION RESPONSE] x=0.0 y=0.0 floor=-1 confidence=0.0 nearestNode= snappedX=null snappedY=null isIndoor=false
07-03 15:29:30.575 I/flutter (20970): [POLL] tick (Δ=999ms)
07-03 15:29:30.637 I/flutter (20970): AUTO-TRANSITION eval=noIndoorDestination hits=0 dist=32.1 rssi=null
07-03 15:29:30.638 I/flutter (20970): [LOCATION REQUEST] {"buildingId":1,"gps":{"latitude":33.9251998,"longitude":75.0200905,"accuracy":4.0269999504089355,"speed":0.031856175512075424},"heading":0.0,"beacons":[]}
07-03 15:29:31.077 I/flutter (20970): [LOCATION RESPONSE] x=0.0 y=0.0 floor=-1 confidence=0.0 nearestNode= snappedX=null snappedY=null isIndoor=false
07-03 15:29:31.576 I/flutter (20970): [POLL] tick (Δ=1000ms)
07-03 15:29:31.627 I/flutter (20970): AUTO-TRANSITION eval=noIndoorDestination hits=0 dist=32.1 rssi=null
07-03 15:29:31.627 I/flutter (20970): [LOCATION REQUEST] {"buildingId":1,"gps":{"latitude":33.9251998,"longitude":75.0200905,"accuracy":4.0269999504089355,"speed":0.031856175512075424},"heading":0.0,"beacons":[]}
07-03 15:29:32.207 I/flutter (20970): [LOCATION RESPONSE] x=0.0 y=0.0 floor=-1 confidence=0.0 nearestNode= snappedX=null snappedY=null isIndoor=false
07-03 15:29:32.575 I/flutter (20970): [POLL] tick (Δ=999ms)
07-03 15:29:32.641 I/flutter (20970): AUTO-TRANSITION eval=noIndoorDestination hits=0 dist=32.1 rssi=null
07-03 15:29:32.642 I/flutter (20970): [LOCATION REQUEST] {"buildingId":1,"gps":{"latitude":33.9251998,"longitude":75.0200905,"accuracy":4.0269999504089355,"speed":0.031856175512075424},"heading":0.0,"beacons":[]}
07-03 15:29:32.926 I/flutter (20970): [LOCATION RESPONSE] x=0.0 y=0.0 floor=-1 confidence=0.0 nearestNode= snappedX=null snappedY=null isIndoor=false
07-03 15:29:33.574 I/flutter (20970): [POLL] tick (Δ=999ms)
07-03 15:29:33.624 I/flutter (20970): AUTO-TRANSITION eval=noIndoorDestination hits=0 dist=32.0 rssi=null
07-03 15:29:33.625 I/flutter (20970): [LOCATION REQUEST] {"buildingId":1,"gps":{"latitude":33.9252006,"longitude":75.0200886,"accuracy":3.684999942779541,"speed":0.04061012342572212},"heading":0.0,"beacons":[]}
07-03 15:29:33.944 I/flutter (20970): [LOCATION RESPONSE] x=0.0 y=0.0 floor=-1 confidence=0.0 nearestNode= snappedX=null snappedY=null isIndoor=false
07-03 15:29:34.576 I/flutter (20970): [POLL] tick (Δ=1001ms)
07-03 15:29:34.633 I/flutter (20970): AUTO-TRANSITION eval=noIndoorDestination hits=0 dist=32.0 rssi=null
07-03 15:29:34.634 I/flutter (20970): [LOCATION REQUEST] {"buildingId":1,"gps":{"latitude":33.9252006,"longitude":75.0200886,"accuracy":3.684999942779541,"speed":0.04061012342572212},"heading":0.0,"beacons":[]}
07-03 15:29:34.964 I/flutter (20970): [LOCATION RESPONSE] x=0.0 y=0.0 floor=-1 confidence=0.0 nearestNode= snappedX=null snappedY=null isIndoor=false
07-03 15:29:35.574 I/flutter (20970): [POLL] tick (Δ=998ms)
07-03 15:29:35.617 I/flutter (20970): AUTO-TRANSITION eval=noIndoorDestination hits=0 dist=31.8 rssi=null
07-03 15:29:35.617 I/flutter (20970): [LOCATION REQUEST] {"buildingId":1,"gps":{"latitude":33.9252027,"longitude":75.0200889,"accuracy":3.5230000019073486,"speed":0.03926670178771019},"heading":0.0,"beacons":[]}
07-03 15:29:36.047 I/flutter (20970): [LOCATION RESPONSE] x=0.0 y=0.0 floor=-1 confidence=0.0 nearestNode= snappedX=null snappedY=null isIndoor=false
07-03 15:29:36.575 I/flutter (20970): [POLL] tick (Δ=1000ms)
07-03 15:29:36.634 I/flutter (20970): AUTO-TRANSITION eval=noIndoorDestination hits=0 dist=31.8 rssi=null
07-03 15:29:36.635 I/flutter (20970): [LOCATION REQUEST] {"buildingId":1,"gps":{"latitude":33.9252027,"longitude":75.0200889,"accuracy":3.5230000019073486,"speed":0.03926670178771019},"heading":0.0,"beacons":[]}
07-03 15:29:36.945 I/flutter (20970): [LOCATION RESPONSE] x=0.0 y=0.0 floor=-1 confidence=0.0 nearestNode= snappedX=null snappedY=null isIndoor=false
07-03 15:29:37.574 I/flutter (20970): [POLL] tick (Δ=998ms)
07-03 15:29:37.613 I/flutter (20970): AUTO-TRANSITION eval=noIndoorDestination hits=0 dist=31.8 rssi=null
07-03 15:29:37.614 I/flutter (20970): [LOCATION REQUEST] {"buildingId":1,"gps":{"latitude":33.9252027,"longitude":75.0200889,"accuracy":3.5230000019073486,"speed":0.03926670178771019},"heading":0.0,"beacons":[]}
07-03 15:29:38.053 I/flutter (20970): [LOCATION RESPONSE] x=0.0 y=0.0 floor=-1 confidence=0.0 nearestNode= snappedX=null snappedY=null isIndoor=false
07-03 15:29:38.573 I/flutter (20970): [POLL] tick (Δ=999ms)
07-03 15:29:38.605 I/flutter (20970): AUTO-TRANSITION eval=noIndoorDestination hits=0 dist=31.8 rssi=null
07-03 15:29:38.606 I/flutter (20970): [LOCATION REQUEST] {"buildingId":1,"gps":{"latitude":33.9252027,"longitude":75.0200889,"accuracy":3.5230000019073486,"speed":0.03926670178771019},"heading":0.0,"beacons":[]}
07-03 15:29:38.972 I/flutter (20970): [LOCATION RESPONSE] x=0.0 y=0.0 floor=-1 confidence=0.0 nearestNode= snappedX=null snappedY=null isIndoor=false
07-03 15:29:39.575 I/flutter (20970): [POLL] tick (Δ=1001ms)
07-03 15:29:39.643 I/flutter (20970): AUTO-TRANSITION eval=noIndoorDestination hits=0 dist=31.8 rssi=null
07-03 15:29:39.644 I/flutter (20970): [LOCATION REQUEST] {"buildingId":1,"gps":{"latitude":33.9252027,"longitude":75.0200889,"accuracy":3.5230000019073486,"speed":0.03926670178771019},"heading":0.0,"beacons":[]}
07-03 15:29:40.111 I/flutter (20970): [LOCATION RESPONSE] x=0.0 y=0.0 floor=-1 confidence=0.0 nearestNode= snappedX=null snappedY=null isIndoor=false
07-03 15:29:40.574 I/flutter (20970): [POLL] tick (Δ=999ms)
07-03 15:29:40.654 I/flutter (20970): AUTO-TRANSITION eval=noIndoorDestination hits=0 dist=31.8 rssi=null
07-03 15:29:40.655 I/flutter (20970): [LOCATION REQUEST] {"buildingId":1,"gps":{"latitude":33.9252034,"longitude":75.0200883,"accuracy":3.0,"speed":0.039343301206827164},"heading":0.0,"beacons":[]}
07-03 15:29:41.230 I/flutter (20970): [LOCATION RESPONSE] x=0.0 y=0.0 floor=-1 confidence=0.0 nearestNode= snappedX=null snappedY=null isIndoor=false
07-03 15:29:41.573 I/flutter (20970): [POLL] tick (Δ=999ms)
07-03 15:29:41.605 I/flutter (20970): AUTO-TRANSITION eval=noIndoorDestination hits=0 dist=31.8 rssi=null
07-03 15:29:41.605 I/flutter (20970): [LOCATION REQUEST] {"buildingId":1,"gps":{"latitude":33.9252034,"longitude":75.0200883,"accuracy":3.0,"speed":0.039343301206827164},"heading":0.0,"beacons":[]}
07-03 15:29:41.923 I/flutter (20970): [LOCATION RESPONSE] x=0.0 y=0.0 floor=-1 confidence=0.0 nearestNode= snappedX=null snappedY=null isIndoor=false
07-03 15:29:42.573 I/flutter (20970): [POLL] tick (Δ=1000ms)
07-03 15:29:42.604 I/flutter (20970): AUTO-TRANSITION eval=noIndoorDestination hits=0 dist=31.8 rssi=null
07-03 15:29:42.605 I/flutter (20970): [LOCATION REQUEST] {"buildingId":1,"gps":{"latitude":33.9252034,"longitude":75.0200881,"accuracy":3.0,"speed":0.03791624680161476},"heading":0.0,"beacons":[]}
07-03 15:29:42.921 I/flutter (20970): [LOCATION RESPONSE] x=0.0 y=0.0 floor=-1 confidence=0.0 nearestNode= snappedX=null snappedY=null isIndoor=false
07-03 15:29:43.576 I/flutter (20970): [POLL] tick (Δ=1001ms)
07-03 15:29:43.630 I/flutter (20970): AUTO-TRANSITION eval=noIndoorDestination hits=0 dist=31.8 rssi=null
07-03 15:29:43.632 I/flutter (20970): [LOCATION REQUEST] {"buildingId":1,"gps":{"latitude":33.9252034,"longitude":75.0200881,"accuracy":3.0,"speed":0.03791624680161476},"heading":0.0,"beacons":[]}
07-03 15:29:43.902 I/flutter (20970): [LOCATION RESPONSE] x=0.0 y=0.0 floor=-1 confidence=0.0 nearestNode= snappedX=null snappedY=null isIndoor=false
07-03 15:29:44.575 I/flutter (20970): [POLL] tick (Δ=999ms)
07-03 15:29:44.625 I/flutter (20970): AUTO-TRANSITION eval=noIndoorDestination hits=0 dist=31.8 rssi=null
07-03 15:29:44.626 I/flutter (20970): [LOCATION REQUEST] {"buildingId":1,"gps":{"latitude":33.9252034,"longitude":75.0200881,"accuracy":3.0,"speed":0.03791624680161476},"heading":0.0,"beacons":[]}
07-03 15:29:44.926 I/flutter (20970): [LOCATION RESPONSE] x=0.0 y=0.0 floor=-1 confidence=0.0 nearestNode= snappedX=null snappedY=null isIndoor=false
07-03 15:29:45.574 I/flutter (20970): [POLL] tick (Δ=999ms)
07-03 15:29:45.629 I/flutter (20970): AUTO-TRANSITION eval=noIndoorDestination hits=0 dist=31.9 rssi=null
07-03 15:29:45.630 I/flutter (20970): [LOCATION REQUEST] {"buildingId":1,"gps":{"latitude":33.9252027,"longitude":75.020086,"accuracy":3.0,"speed":0.037836965173482895},"heading":0.0,"beacons":[]}
07-03 15:29:45.897 I/flutter (20970): [LOCATION RESPONSE] x=0.0 y=0.0 floor=-1 confidence=0.0 nearestNode= snappedX=null snappedY=null isIndoor=false
07-03 15:29:46.576 I/flutter (20970): [POLL] tick (Δ=1001ms)
07-03 15:29:46.643 I/flutter (20970): AUTO-TRANSITION eval=noIndoorDestination hits=0 dist=31.9 rssi=null
07-03 15:29:46.644 I/flutter (20970): [LOCATION REQUEST] {"buildingId":1,"gps":{"latitude":33.9252027,"longitude":75.020086,"accuracy":3.0,"speed":0.037836965173482895},"heading":0.0,"beacons":[]}
07-03 15:29:47.149 I/flutter (20970): [LOCATION RESPONSE] x=0.0 y=0.0 floor=-1 confidence=0.0 nearestNode= snappedX=null snappedY=null isIndoor=false
07-03 15:29:47.576 I/flutter (20970): [POLL] tick (Δ=999ms)
07-03 15:29:47.632 I/flutter (20970): AUTO-TRANSITION eval=noIndoorDestination hits=0 dist=31.9 rssi=null
07-03 15:29:47.633 I/flutter (20970): [LOCATION REQUEST] {"buildingId":1,"gps":{"latitude":33.9252027,"longitude":75.020086,"accuracy":3.0,"speed":0.037836965173482895},"heading":0.0,"beacons":[]}
07-03 15:29:47.986 I/flutter (20970): [LOCATION RESPONSE] x=0.0 y=0.0 floor=-1 confidence=0.0 nearestNode= snappedX=null snappedY=null isIndoor=false
07-03 15:29:48.576 I/flutter (20970): [POLL] tick (Δ=1000ms)
07-03 15:29:48.632 I/flutter (20970): AUTO-TRANSITION eval=noIndoorDestination hits=0 dist=31.9 rssi=null
07-03 15:29:48.633 I/flutter (20970): [LOCATION REQUEST] {"buildingId":1,"gps":{"latitude":33.9252027,"longitude":75.020086,"accuracy":3.0,"speed":0.037836965173482895},"heading":0.0,"beacons":[]}
07-03 15:29:49.109 I/flutter (20970): [LOCATION RESPONSE] x=0.0 y=0.0 floor=-1 confidence=0.0 nearestNode= snappedX=null snappedY=null isIndoor=false
07-03 15:29:49.576 I/flutter (20970): [POLL] tick (Δ=999ms)
07-03 15:29:49.616 I/flutter (20970): AUTO-TRANSITION eval=noIndoorDestination hits=0 dist=31.9 rssi=null
07-03 15:29:49.616 I/flutter (20970): [LOCATION REQUEST] {"buildingId":1,"gps":{"latitude":33.9252027,"longitude":75.020086,"accuracy":3.0,"speed":0.037836965173482895},"heading":0.0,"beacons":[]}
07-03 15:29:50.021 I/flutter (20970): [LOCATION RESPONSE] x=0.0 y=0.0 floor=-1 confidence=0.0 nearestNode= snappedX=null snappedY=null isIndoor=false
07-03 15:29:50.575 I/flutter (20970): [POLL] tick (Δ=1000ms)
07-03 15:29:50.616 I/flutter (20970): AUTO-TRANSITION eval=noIndoorDestination hits=0 dist=31.9 rssi=null
07-03 15:29:50.616 I/flutter (20970): [LOCATION REQUEST] {"buildingId":1,"gps":{"latitude":33.9252032,"longitude":75.0200852,"accuracy":3.0,"speed":0.039043039083480835},"heading":0.0,"beacons":[]}
07-03 15:29:51.151 I/flutter (20970): [LOCATION RESPONSE] x=0.0 y=0.0 floor=-1 confidence=0.0 nearestNode= snappedX=null snappedY=null isIndoor=false
07-03 15:29:51.575 I/flutter (20970): [POLL] tick (Δ=999ms)
07-03 15:29:51.633 I/flutter (20970): AUTO-TRANSITION eval=noIndoorDestination hits=0 dist=31.9 rssi=null
07-03 15:29:51.634 I/flutter (20970): [LOCATION REQUEST] {"buildingId":1,"gps":{"latitude":33.9252032,"longitude":75.0200852,"accuracy":3.0,"speed":0.039043039083480835},"heading":0.0,"beacons":[]}
07-03 15:29:52.158 I/flutter (20970): [LOCATION RESPONSE] x=0.0 y=0.0 floor=-1 confidence=0.0 nearestNode= snappedX=null snappedY=null isIndoor=false
07-03 15:29:52.575 I/flutter (20970): [POLL] tick (Δ=1000ms)
07-03 15:29:52.622 I/flutter (20970): AUTO-TRANSITION eval=noIndoorDestination hits=0 dist=32.0 rssi=null
07-03 15:29:52.622 I/flutter (20970): [LOCATION REQUEST] {"buildingId":1,"gps":{"latitude":33.9252022,"longitude":75.020084,"accuracy":3.0,"speed":0.037168439477682114},"heading":0.0,"beacons":[]}
07-03 15:29:53.024 I/flutter (20970): [LOCATION RESPONSE] x=0.0 y=0.0 floor=-1 confidence=0.0 nearestNode= snappedX=null snappedY=null isIndoor=false
07-03 15:29:53.576 I/flutter (20970): [POLL] tick (Δ=1000ms)
07-03 15:29:53.648 I/flutter (20970): AUTO-TRANSITION eval=noIndoorDestination hits=0 dist=32.0 rssi=null
07-03 15:29:53.648 I/flutter (20970): [LOCATION REQUEST] {"buildingId":1,"gps":{"latitude":33.9252022,"longitude":75.020084,"accuracy":3.0,"speed":0.037168439477682114},"heading":0.0,"beacons":[]}
07-03 15:29:53.943 I/flutter (20970): [LOCATION RESPONSE] x=0.0 y=0.0 floor=-1 confidence=0.0 nearestNode= snappedX=null snappedY=null isIndoor=false
07-03 15:29:54.171 I/flutter (20970): [POLL] stopped
07-03 15:29:54.171 I/flutter (20970): BLE STOP RUNNING
07-03 15:29:54.171 I/flutter (20970): [POLL] paused (REALTIME TRACKING PAUSED)
07-03 15:29:54.179 I/flutter (20970): [FBP] stopScan: already stopped
07-03 15:29:54.763 I/flutter (20970): BLE START RUNNING
07-03 15:29:54.764 I/flutter (20970): [POLL] started (cadence=1s)
07-03 15:29:54.764 I/flutter (20970): [POLL] resumed (REALTIME TRACKING RESUMED)
07-03 15:29:54.766 I/flutter (20970): BLE START ERROR: PlatformException(startScan, Bluetooth must be turned on, null, null)
07-03 15:29:55.765 I/flutter (20970): [POLL] tick (Δ=2189ms)
07-03 15:29:55.836 I/flutter (20970): AUTO-TRANSITION eval=noIndoorDestination hits=0 dist=32.0 rssi=null
07-03 15:29:55.836 I/flutter (20970): [LOCATION REQUEST] {"buildingId":1,"gps":{"latitude":33.9252022,"longitude":75.020084,"accuracy":3.0,"speed":0.037168439477682114},"heading":0.0,"beacons":[]}
07-03 15:29:56.083 I/flutter (20970): [LOCATION RESPONSE] x=0.0 y=0.0 floor=-1 confidence=0.0 nearestNode= snappedX=null snappedY=null isIndoor=false
07-03 15:29:56.765 I/flutter (20970): [POLL] tick (Δ=1000ms)
07-03 15:29:56.847 I/flutter (20970): AUTO-TRANSITION eval=noIndoorDestination hits=0 dist=32.0 rssi=null
07-03 15:29:56.848 I/flutter (20970): [LOCATION REQUEST] {"buildingId":1,"gps":{"latitude":33.9252022,"longitude":75.020084,"accuracy":3.0,"speed":0.037168439477682114},"heading":0.0,"beacons":[]}
07-03 15:29:57.119 I/flutter (20970): [LOCATION RESPONSE] x=0.0 y=0.0 floor=-1 confidence=0.0 nearestNode= snappedX=null snappedY=null isIndoor=false
07-03 15:29:57.765 I/flutter (20970): [POLL] tick (Δ=999ms)
07-03 15:29:57.817 I/flutter (20970): AUTO-TRANSITION eval=noIndoorDestination hits=0 dist=31.9 rssi=null
07-03 15:29:57.818 I/flutter (20970): [LOCATION REQUEST] {"buildingId":1,"gps":{"latitude":33.9252034,"longitude":75.020085,"accuracy":3.0,"speed":0.12037460505962372},"heading":89.99803161621094,"beacons":[]}
07-03 15:29:58.322 I/flutter (20970): [LOCATION RESPONSE] x=0.0 y=0.0 floor=-1 confidence=0.0 nearestNode= snappedX=null snappedY=null isIndoor=false
07-03 15:29:58.767 I/flutter (20970): [POLL] tick (Δ=1002ms)
07-03 15:29:58.813 I/flutter (20970): AUTO-TRANSITION eval=noIndoorDestination hits=0 dist=31.9 rssi=null
07-03 15:29:58.814 I/flutter (20970): [LOCATION REQUEST] {"buildingId":1,"gps":{"latitude":33.9252034,"longitude":75.020085,"accuracy":3.0,"speed":0.12037460505962372},"heading":89.99803161621094,"beacons":[]}
07-03 15:29:59.211 I/flutter (20970): [LOCATION RESPONSE] x=0.0 y=0.0 floor=-1 confidence=0.0 nearestNode= snappedX=null snappedY=null isIndoor=false
07-03 15:29:59.766 I/flutter (20970): [POLL] tick (Δ=998ms)
07-03 15:29:59.833 I/flutter (20970): AUTO-TRANSITION eval=noIndoorDestination hits=0 dist=31.9 rssi=null
07-03 15:29:59.833 I/flutter (20970): [LOCATION REQUEST] {"buildingId":1,"gps":{"latitude":33.9252035,"longitude":75.020085,"accuracy":3.0,"speed":0.12115807086229324},"heading":89.99900817871094,"beacons":[]}
07-03 15:30:00.131 I/flutter (20970): [LOCATION RESPONSE] x=0.0 y=0.0 floor=-1 confidence=0.0 nearestNode= snappedX=null snappedY=null isIndoor=false
07-03 15:30:00.766 I/flutter (20970): [POLL] tick (Δ=1000ms)
07-03 15:30:00.818 I/flutter (20970): AUTO-TRANSITION eval=noIndoorDestination hits=0 dist=31.9 rssi=null
07-03 15:30:00.818 I/flutter (20970): [LOCATION REQUEST] {"buildingId":1,"gps":{"latitude":33.9252035,"longitude":75.020085,"accuracy":3.0,"speed":0.12115807086229324},"heading":89.99900817871094,"beacons":[]}
07-03 15:30:01.397 I/flutter (20970): [LOCATION RESPONSE] x=0.0 y=0.0 floor=-1 confidence=0.0 nearestNode= snappedX=null snappedY=null isIndoor=false
07-03 15:30:01.766 I/flutter (20970): [POLL] tick (Δ=999ms)
07-03 15:30:01.813 I/flutter (20970): AUTO-TRANSITION eval=noIndoorDestination hits=0 dist=31.9 rssi=null
07-03 15:30:01.814 I/flutter (20970): [LOCATION REQUEST] {"buildingId":1,"gps":{"latitude":33.9252035,"longitude":75.020085,"accuracy":3.0,"speed":0.12115807086229324},"heading":89.99900817871094,"beacons":[]}
07-03 15:30:02.115 I/flutter (20970): [LOCATION RESPONSE] x=0.0 y=0.0 floor=-1 confidence=0.0 nearestNode= snappedX=null snappedY=null isIndoor=false
07-03 15:30:02.766 I/flutter (20970): [POLL] tick (Δ=1000ms)
07-03 15:30:02.809 I/flutter (20970): AUTO-TRANSITION eval=noIndoorDestination hits=0 dist=31.7 rssi=null
07-03 15:30:02.809 I/flutter (20970): [LOCATION REQUEST] {"buildingId":1,"gps":{"latitude":33.9252046,"longitude":75.0200861,"accuracy":3.055000066757202,"speed":0.34090837836265564},"heading":89.99989318847656,"beacons":[]}
07-03 15:30:03.078 I/flutter (20970): [LOCATION RESPONSE] x=0.0 y=0.0 floor=-1 confidence=0.0 nearestNode= snappedX=null snappedY=null isIndoor=false
07-03 15:30:03.765 I/flutter (20970): [POLL] tick (Δ=998ms)
07-03 15:30:03.795 I/flutter (20970): AUTO-TRANSITION eval=noIndoorDestination hits=0 dist=31.7 rssi=null
07-03 15:30:03.795 I/flutter (20970): [LOCATION REQUEST] {"buildingId":1,"gps":{"latitude":33.9252046,"longitude":75.0200861,"accuracy":3.055000066757202,"speed":0.34090837836265564},"heading":89.99989318847656,"beacons":[]}
07-03 15:30:04.080 I/flutter (20970): [LOCATION RESPONSE] x=0.0 y=0.0 floor=-1 confidence=0.0 nearestNode= snappedX=null snappedY=null isIndoor=false
07-03 15:30:04.766 I/flutter (20970): [POLL] tick (Δ=1000ms)
07-03 15:30:04.809 I/flutter (20970): AUTO-TRANSITION eval=noIndoorDestination hits=0 dist=31.7 rssi=null
07-03 15:30:04.809 I/flutter (20970): [LOCATION REQUEST] {"buildingId":1,"gps":{"latitude":33.9252046,"longitude":75.0200861,"accuracy":3.055000066757202,"speed":0.34090837836265564},"heading":89.99989318847656,"beacons":[]}
07-03 15:30:05.118 I/flutter (20970): [LOCATION RESPONSE] x=0.0 y=0.0 floor=-1 confidence=0.0 nearestNode= snappedX=null snappedY=null isIndoor=false
07-03 15:30:05.766 I/flutter (20970): [POLL] tick (Δ=999ms)
07-03 15:30:05.816 I/flutter (20970): AUTO-TRANSITION eval=noIndoorDestination hits=0 dist=31.7 rssi=null
07-03 15:30:05.816 I/flutter (20970): [LOCATION REQUEST] {"buildingId":1,"gps":{"latitude":33.9252046,"longitude":75.0200861,"accuracy":3.055000066757202,"speed":0.34090837836265564},"heading":89.99989318847656,"beacons":[]}
07-03 15:30:06.240 I/flutter (20970): [LOCATION RESPONSE] x=0.0 y=0.0 floor=-1 confidence=0.0 nearestNode= snappedX=null snappedY=null isIndoor=false
07-03 15:30:06.767 I/flutter (20970): [POLL] tick (Δ=1000ms)
07-03 15:30:06.817 I/flutter (20970): AUTO-TRANSITION eval=noIndoorDestination hits=0 dist=31.7 rssi=null
07-03 15:30:06.818 I/flutter (20970): [LOCATION REQUEST] {"buildingId":1,"gps":{"latitude":33.9252046,"longitude":75.0200861,"accuracy":3.055000066757202,"speed":0.34090837836265564},"heading":89.99989318847656,"beacons":[]}
07-03 15:30:07.143 I/flutter (20970): [LOCATION RESPONSE] x=0.0 y=0.0 floor=-1 confidence=0.0 nearestNode= snappedX=null snappedY=null isIndoor=false
07-03 15:30:07.765 I/flutter (20970): [POLL] tick (Δ=998ms)
07-03 15:30:07.810 I/flutter (20970): AUTO-TRANSITION eval=noIndoorDestination hits=0 dist=31.6 rssi=null
07-03 15:30:07.810 I/flutter (20970): [LOCATION REQUEST] {"buildingId":1,"gps":{"latitude":33.9252047,"longitude":75.0200876,"accuracy":4.757999897003174,"speed":0.34200045466423035},"heading":89.99979400634766,"beacons":[]}
07-03 15:30:08.263 I/flutter (20970): [LOCATION RESPONSE] x=0.0 y=0.0 floor=-1 confidence=0.0 nearestNode= snappedX=null snappedY=null isIndoor=false
07-03 15:30:08.765 I/flutter (20970): [POLL] tick (Δ=999ms)
07-03 15:30:08.809 I/flutter (20970): AUTO-TRANSITION eval=noIndoorDestination hits=0 dist=31.6 rssi=null
07-03 15:30:08.810 I/flutter (20970): [LOCATION REQUEST] {"buildingId":1,"gps":{"latitude":33.9252047,"longitude":75.0200876,"accuracy":4.757999897003174,"speed":0.34200045466423035},"heading":89.99979400634766,"beacons":[]}
07-03 15:30:09.450 I/flutter (20970): [LOCATION RESPONSE] x=0.0 y=0.0 floor=-1 confidence=0.0 nearestNode= snappedX=null snappedY=null isIndoor=false
07-03 15:30:09.765 I/flutter (20970): [POLL] tick (Δ=999ms)
07-03 15:30:09.796 I/flutter (20970): AUTO-TRANSITION eval=noIndoorDestination hits=0 dist=31.9 rssi=null
07-03 15:30:09.796 I/flutter (20970): [LOCATION REQUEST] {"buildingId":1,"gps":{"latitude":33.9252038,"longitude":75.0200812,"accuracy":5.355999946594238,"speed":0.6225484609603882},"heading":90.0,"beacons":[]}
07-03 15:30:10.126 I/flutter (20970): [LOCATION RESPONSE] x=0.0 y=0.0 floor=-1 confidence=0.0 nearestNode= snappedX=null snappedY=null isIndoor=false
07-03 15:30:10.766 I/flutter (20970): [POLL] tick (Δ=1001ms)
07-03 15:30:10.807 I/flutter (20970): AUTO-TRANSITION eval=noIndoorDestination hits=0 dist=31.9 rssi=null
07-03 15:30:10.807 I/flutter (20970): [LOCATION REQUEST] {"buildingId":1,"gps":{"latitude":33.9252038,"longitude":75.0200812,"accuracy":5.355999946594238,"speed":0.6225484609603882},"heading":90.0,"beacons":[]}
07-03 15:30:11.077 I/flutter (20970): [LOCATION RESPONSE] x=0.0 y=0.0 floor=-1 confidence=0.0 nearestNode= snappedX=null snappedY=null isIndoor=false
07-03 15:30:11.765 I/flutter (20970): [POLL] tick (Δ=999ms)
07-03 15:30:11.807 I/flutter (20970): AUTO-TRANSITION eval=noIndoorDestination hits=0 dist=31.9 rssi=null
07-03 15:30:11.807 I/flutter (20970): [LOCATION REQUEST] {"buildingId":1,"gps":{"latitude":33.9252038,"longitude":75.0200812,"accuracy":5.355999946594238,"speed":0.6225484609603882},"heading":90.0,"beacons":[]}
07-03 15:30:12.078 I/flutter (20970): [LOCATION RESPONSE] x=0.0 y=0.0 floor=-1 confidence=0.0 nearestNode= snappedX=null snappedY=null isIndoor=false
07-03 15:30:12.771 I/flutter (20970): [POLL] tick (Δ=1005ms)
07-03 15:30:12.804 I/flutter (20970): AUTO-TRANSITION eval=noIndoorDestination hits=0 dist=31.9 rssi=null
07-03 15:30:12.804 I/flutter (20970): [LOCATION REQUEST] {"buildingId":1,"gps":{"latitude":33.9252036,"longitude":75.0200839,"accuracy":8.33899974822998,"speed":0.622437059879303},"heading":90.00074005126953,"beacons":[]}
07-03 15:30:13.086 I/flutter (20970): [LOCATION RESPONSE] x=0.0 y=0.0 floor=-1 confidence=0.0 nearestNode= snappedX=null snappedY=null isIndoor=false
07-03 15:30:13.768 I/flutter (20970): [POLL] tick (Δ=996ms)
07-03 15:30:13.814 I/flutter (20970): AUTO-TRANSITION eval=noIndoorDestination hits=0 dist=31.9 rssi=null
07-03 15:30:13.814 I/flutter (20970): [LOCATION REQUEST] {"buildingId":1,"gps":{"latitude":33.9252036,"longitude":75.0200839,"accuracy":8.33899974822998,"speed":0.622437059879303},"heading":90.00074005126953,"beacons":[]}
07-03 15:30:14.128 I/flutter (20970): [LOCATION RESPONSE] x=0.0 y=0.0 floor=-1 confidence=0.0 nearestNode= snappedX=null snappedY=null isIndoor=false
07-03 15:30:14.766 I/flutter (20970): [POLL] tick (Δ=998ms)
07-03 15:30:14.810 I/flutter (20970): AUTO-TRANSITION eval=noIndoorDestination hits=0 dist=31.9 rssi=null
07-03 15:30:14.811 I/flutter (20970): [LOCATION REQUEST] {"buildingId":1,"gps":{"latitude":33.9252036,"longitude":75.0200839,"accuracy":8.33899974822998,"speed":0.622437059879303},"heading":90.00074005126953,"beacons":[]}
07-03 15:30:15.115 I/flutter (20970): [LOCATION RESPONSE] x=0.0 y=0.0 floor=-1 confidence=0.0 nearestNode= snappedX=null snappedY=null isIndoor=false
07-03 15:30:15.766 I/flutter (20970): [POLL] tick (Δ=1000ms)
07-03 15:30:15.839 I/flutter (20970): AUTO-TRANSITION eval=noIndoorDestination hits=0 dist=31.9 rssi=null
07-03 15:30:15.839 I/flutter (20970): [LOCATION REQUEST] {"buildingId":1,"gps":{"latitude":33.9252036,"longitude":75.0200839,"accuracy":8.33899974822998,"speed":0.622437059879303},"heading":90.00074005126953,"beacons":[]}
07-03 15:30:16.534 I/flutter (20970): [LOCATION RESPONSE] x=0.0 y=0.0 floor=-1 confidence=0.0 nearestNode= snappedX=null snappedY=null isIndoor=false
07-03 15:30:16.765 I/flutter (20970): [POLL] tick (Δ=999ms)
07-03 15:30:16.807 I/flutter (20970): AUTO-TRANSITION eval=noIndoorDestination hits=0 dist=32.8 rssi=null
07-03 15:30:16.807 I/flutter (20970): [LOCATION REQUEST] {"buildingId":1,"gps":{"latitude":33.9252003,"longitude":75.0200675,"accuracy":6.038000106811523,"speed":0.009630153886973858},"heading":0.0,"beacons":[]}
07-03 15:30:17.212 I/flutter (20970): [LOCATION RESPONSE] x=0.0 y=0.0 floor=-1 confidence=0.0 nearestNode= snappedX=null snappedY=null isIndoor=false
07-03 15:30:17.766 I/flutter (20970): [POLL] tick (Δ=1000ms)
07-03 15:30:17.811 I/flutter (20970): AUTO-TRANSITION eval=noIndoorDestination hits=0 dist=32.8 rssi=null
07-03 15:30:17.812 I/flutter (20970): [LOCATION REQUEST] {"buildingId":1,"gps":{"latitude":33.9252003,"longitude":75.0200671,"accuracy":5.513999938964844,"speed":0.01029664184898138},"heading":0.0,"beacons":[]}
07-03 15:30:18.350 I/flutter (20970): [LOCATION RESPONSE] x=0.0 y=0.0 floor=-1 confidence=0.0 nearestNode= snappedX=null snappedY=null isIndoor=false
07-03 15:30:18.764 I/flutter (20970): [POLL] tick (Δ=998ms)
07-03 15:30:18.815 I/flutter (20970): AUTO-TRANSITION eval=noIndoorDestination hits=0 dist=32.8 rssi=null
07-03 15:30:18.815 I/flutter (20970): [LOCATION REQUEST] {"buildingId":1,"gps":{"latitude":33.9252003,"longitude":75.0200671,"accuracy":5.513999938964844,"speed":0.01029664184898138},"heading":0.0,"beacons":[]}
07-03 15:30:19.327 I/flutter (20970): [LOCATION RESPONSE] x=0.0 y=0.0 floor=-1 confidence=0.0 nearestNode= snappedX=null snappedY=null isIndoor=false
07-03 15:30:19.765 I/flutter (20970): [POLL] tick (Δ=1000ms)
07-03 15:30:19.777 I/flutter (20970): AUTO-TRANSITION eval=noIndoorDestination hits=0 dist=32.8 rssi=null
07-03 15:30:19.777 I/flutter (20970): [LOCATION REQUEST] {"buildingId":1,"gps":{"latitude":33.9251999,"longitude":75.020067,"accuracy":5.0320000648498535,"speed":0.05341348424553871},"heading":0.0,"beacons":[]}
07-03 15:30:20.073 I/flutter (20970): [LOCATION RESPONSE] x=0.0 y=0.0 floor=-1 confidence=0.0 nearestNode= snappedX=null snappedY=null isIndoor=false
07-03 15:30:20.766 I/flutter (20970): [POLL] tick (Δ=1000ms)
07-03 15:30:20.788 I/flutter (20970): AUTO-TRANSITION eval=noIndoorDestination hits=0 dist=32.8 rssi=null
07-03 15:30:20.788 I/flutter (20970): [LOCATION REQUEST] {"buildingId":1,"gps":{"latitude":33.9251999,"longitude":75.020067,"accuracy":5.0320000648498535,"speed":0.05341348424553871},"heading":0.0,"beacons":[]}
07-03 15:30:21.764 I/flutter (20970): [POLL] tick (Δ=999ms)
07-03 15:30:21.775 I/flutter (20970): AUTO-TRANSITION eval=noIndoorDestination hits=0 dist=32.8 rssi=null
07-03 15:30:21.775 I/flutter (20970): [LOCATION REQUEST] {"buildingId":1,"gps":{"latitude":33.9251999,"longitude":75.020067,"accuracy":5.0320000648498535,"speed":0.05341348424553871},"heading":0.0,"beacons":[]}
07-03 15:30:21.972 I/flutter (20970): [LOCATION RESPONSE] x=0.0 y=0.0 floor=-1 confidence=0.0 nearestNode= snappedX=null snappedY=null isIndoor=false
07-03 15:30:22.322 I/flutter (20970): [LOCATION RESPONSE] x=0.0 y=0.0 floor=-1 confidence=0.0 nearestNode= snappedX=null snappedY=null isIndoor=false
07-03 15:30:22.766 I/flutter (20970): [POLL] tick (Δ=1000ms)
07-03 15:30:22.787 I/flutter (20970): AUTO-TRANSITION eval=noIndoorDestination hits=0 dist=32.7 rssi=null
07-03 15:30:22.787 I/flutter (20970): [LOCATION REQUEST] {"buildingId":1,"gps":{"latitude":33.9252008,"longitude":75.0200666,"accuracy":3.5850000381469727,"speed":2.3570621013641357},"heading":277.37481689453125,"beacons":[]}
07-03 15:30:23.301 I/flutter (20970): [LOCATION RESPONSE] x=0.0 y=0.0 floor=-1 confidence=0.0 nearestNode= snappedX=null snappedY=null isIndoor=false
07-03 15:30:23.765 I/flutter (20970): [POLL] tick (Δ=999ms)
07-03 15:30:23.790 I/flutter (20970): AUTO-TRANSITION eval=noIndoorDestination hits=0 dist=32.7 rssi=null
07-03 15:30:23.790 I/flutter (20970): [LOCATION REQUEST] {"buildingId":1,"gps":{"latitude":33.9252008,"longitude":75.0200666,"accuracy":3.5850000381469727,"speed":2.3570621013641357},"heading":277.37481689453125,"beacons":[]}
07-03 15:30:24.146 I/flutter (20970): [LOCATION RESPONSE] x=0.0 y=0.0 floor=-1 confidence=0.0 nearestNode= snappedX=null snappedY=null isIndoor=false
07-03 15:30:24.765 I/flutter (20970): [POLL] tick (Δ=1000ms)
07-03 15:30:24.800 I/flutter (20970): AUTO-TRANSITION eval=noIndoorDestination hits=0 dist=32.7 rssi=null
07-03 15:30:24.800 I/flutter (20970): [LOCATION REQUEST] {"buildingId":1,"gps":{"latitude":33.9252008,"longitude":75.0200666,"accuracy":3.5850000381469727,"speed":2.3570621013641357},"heading":277.37481689453125,"beacons":[]}
07-03 15:30:25.170 I/flutter (20970): [LOCATION RESPONSE] x=0.0 y=0.0 floor=-1 confidence=0.0 nearestNode= snappedX=null snappedY=null isIndoor=false
07-03 15:30:25.765 I/flutter (20970): [POLL] tick (Δ=1000ms)
07-03 15:30:25.798 I/flutter (20970): AUTO-TRANSITION eval=noIndoorDestination hits=0 dist=32.7 rssi=null
07-03 15:30:25.799 I/flutter (20970): [LOCATION REQUEST] {"buildingId":1,"gps":{"latitude":33.9252008,"longitude":75.0200666,"accuracy":3.5850000381469727,"speed":2.3570621013641357},"heading":277.37481689453125,"beacons":[]}
07-03 15:30:26.270 I/flutter (20970): [LOCATION RESPONSE] x=0.0 y=0.0 floor=-1 confidence=0.0 nearestNode= snappedX=null snappedY=null isIndoor=false
07-03 15:30:26.768 I/flutter (20970): [POLL] tick (Δ=1002ms)
07-03 15:30:26.818 I/flutter (20970): AUTO-TRANSITION eval=noIndoorDestination hits=0 dist=32.7 rssi=null
07-03 15:30:26.818 I/flutter (20970): [LOCATION REQUEST] {"buildingId":1,"gps":{"latitude":33.9252008,"longitude":75.0200666,"accuracy":3.5850000381469727,"speed":2.3570621013641357},"heading":277.37481689453125,"beacons":[]}
07-03 15:30:27.212 I/flutter (20970): [LOCATION RESPONSE] x=0.0 y=0.0 floor=-1 confidence=0.0 nearestNode= snappedX=null snappedY=null isIndoor=false
07-03 15:30:27.766 I/flutter (20970): [POLL] tick (Δ=998ms)
07-03 15:30:27.819 I/flutter (20970): AUTO-TRANSITION eval=noIndoorDestination hits=0 dist=34.3 rssi=null
07-03 15:30:27.820 I/flutter (20970): [LOCATION REQUEST] {"buildingId":1,"gps":{"latitude":33.9252161,"longitude":75.0199956,"accuracy":14.73799991607666,"speed":1.0449304580688477},"heading":297.9073181152344,"beacons":[]}
07-03 15:30:28.233 I/flutter (20970): [LOCATION RESPONSE] x=0.0 y=0.0 floor=-1 confidence=0.0 nearestNode= snappedX=null snappedY=null isIndoor=false
07-03 15:30:28.767 I/flutter (20970): [POLL] tick (Δ=1000ms)
07-03 15:30:28.802 I/flutter (20970): AUTO-TRANSITION eval=noIndoorDestination hits=0 dist=34.3 rssi=null
07-03 15:30:28.802 I/flutter (20970): [LOCATION REQUEST] {"buildingId":1,"gps":{"latitude":33.9252161,"longitude":75.0199956,"accuracy":14.73799991607666,"speed":1.0449304580688477},"heading":297.9073181152344,"beacons":[]}
07-03 15:30:29.142 I/flutter (20970): [LOCATION RESPONSE] x=0.0 y=0.0 floor=-1 confidence=0.0 nearestNode= snappedX=null snappedY=null isIndoor=false
07-03 15:30:29.768 I/flutter (20970): [POLL] tick (Δ=1000ms)
07-03 15:30:29.821 I/flutter (20970): AUTO-TRANSITION eval=noIndoorDestination hits=0 dist=34.3 rssi=null
07-03 15:30:29.822 I/flutter (20970): [LOCATION REQUEST] {"buildingId":1,"gps":{"latitude":33.9252161,"longitude":75.0199956,"accuracy":14.73799991607666,"speed":1.0449304580688477},"heading":297.9073181152344,"beacons":[]}
07-03 15:30:30.096 I/flutter (20970): [LOCATION RESPONSE] x=0.0 y=0.0 floor=-1 confidence=0.0 nearestNode= snappedX=null snappedY=null isIndoor=false
07-03 15:30:30.768 I/flutter (20970): [POLL] tick (Δ=1000ms)
07-03 15:30:30.825 I/flutter (20970): AUTO-TRANSITION eval=noIndoorDestination hits=0 dist=34.3 rssi=null
07-03 15:30:30.825 I/flutter (20970): [LOCATION REQUEST] {"buildingId":1,"gps":{"latitude":33.9252161,"longitude":75.0199956,"accuracy":14.73799991607666,"speed":1.0449304580688477},"heading":297.9073181152344,"beacons":[]}
07-03 15:30:31.129 I/flutter (20970): [LOCATION RESPONSE] x=0.0 y=0.0 floor=-1 confidence=0.0 nearestNode= snappedX=null snappedY=null isIndoor=false
07-03 15:30:31.766 I/flutter (20970): [POLL] tick (Δ=999ms)
07-03 15:30:31.824 I/flutter (20970): AUTO-TRANSITION eval=noIndoorDestination hits=0 dist=34.3 rssi=null
07-03 15:30:31.825 I/flutter (20970): [LOCATION REQUEST] {"buildingId":1,"gps":{"latitude":33.9252161,"longitude":75.0199956,"accuracy":14.73799991607666,"speed":1.0449304580688477},"heading":297.9073181152344,"beacons":[]}
07-03 15:30:32.163 I/flutter (20970): [LOCATION RESPONSE] x=0.0 y=0.0 floor=-1 confidence=0.0 nearestNode= snappedX=null snappedY=null isIndoor=false
07-03 15:30:32.766 I/flutter (20970): [POLL] tick (Δ=999ms)
07-03 15:30:32.815 I/flutter (20970): AUTO-TRANSITION eval=noIndoorDestination hits=0 dist=33.8 rssi=null
07-03 15:30:32.816 I/flutter (20970): [LOCATION REQUEST] {"buildingId":1,"gps":{"latitude":33.9252266,"longitude":75.0199877,"accuracy":24.801000595092773,"speed":1.0411440134048462},"heading":287.7707824707031,"beacons":[]}
07-03 15:30:33.576 I/flutter (20970): [LOCATION RESPONSE] x=0.0 y=0.0 floor=-1 confidence=0.0 nearestNode= snappedX=null snappedY=null isIndoor=false
07-03 15:30:33.766 I/flutter (20970): [POLL] tick (Δ=999ms)
07-03 15:30:33.815 I/flutter (20970): AUTO-TRANSITION eval=noIndoorDestination hits=0 dist=33.8 rssi=null
07-03 15:30:33.816 I/flutter (20970): [LOCATION REQUEST] {"buildingId":1,"gps":{"latitude":33.9252266,"longitude":75.0199877,"accuracy":24.801000595092773,"speed":1.0411440134048462},"heading":287.7707824707031,"beacons":[]}
07-03 15:30:34.170 I/flutter (20970): [LOCATION RESPONSE] x=0.0 y=0.0 floor=-1 confidence=0.0 nearestNode= snappedX=null snappedY=null isIndoor=false
07-03 15:30:34.768 I/flutter (20970): [POLL] tick (Δ=1000ms)
07-03 15:30:34.829 I/flutter (20970): AUTO-TRANSITION eval=noIndoorDestination hits=0 dist=33.8 rssi=null
07-03 15:30:34.830 I/flutter (20970): [LOCATION REQUEST] {"buildingId":1,"gps":{"latitude":33.9252266,"longitude":75.0199877,"accuracy":24.801000595092773,"speed":1.0411440134048462},"heading":287.7707824707031,"beacons":[]}
07-03 15:30:35.314 I/flutter (20970): [LOCATION RESPONSE] x=0.0 y=0.0 floor=-1 confidence=0.0 nearestNode= snappedX=null snappedY=null isIndoor=false
07-03 15:30:35.767 I/flutter (20970): [POLL] tick (Δ=1000ms)
07-03 15:30:35.829 I/flutter (20970): AUTO-TRANSITION eval=noIndoorDestination hits=0 dist=33.2 rssi=null
07-03 15:30:35.830 I/flutter (20970): [LOCATION REQUEST] {"buildingId":1,"gps":{"latitude":33.9252192,"longitude":75.0200117,"accuracy":26.082000732421875,"speed":0.5407702326774597},"heading":68.84428405761719,"beacons":[]}
07-03 15:30:36.171 I/flutter (20970): [LOCATION RESPONSE] x=0.0 y=0.0 floor=-1 confidence=0.0 nearestNode= snappedX=null snappedY=null isIndoor=false
07-03 15:30:36.768 I/flutter (20970): [POLL] tick (Δ=1000ms)
07-03 15:30:36.835 I/flutter (20970): AUTO-TRANSITION eval=noIndoorDestination hits=0 dist=33.2 rssi=null
07-03 15:30:36.836 I/flutter (20970): [LOCATION REQUEST] {"buildingId":1,"gps":{"latitude":33.9252192,"longitude":75.0200117,"accuracy":26.082000732421875,"speed":0.5407702326774597},"heading":68.84428405761719,"beacons":[]}
07-03 15:30:37.139 I/flutter (20970): [LOCATION RESPONSE] x=0.0 y=0.0 floor=-1 confidence=0.0 nearestNode= snappedX=null snappedY=null isIndoor=false
07-03 15:30:37.767 I/flutter (20970): [POLL] tick (Δ=998ms)
07-03 15:30:37.823 I/flutter (20970): AUTO-TRANSITION eval=noIndoorDestination hits=0 dist=26.4 rssi=null
07-03 15:30:37.824 I/flutter (20970): [LOCATION REQUEST] {"buildingId":1,"gps":{"latitude":33.925253,"longitude":75.0200943,"accuracy":27.312999725341797,"speed":0.7067376375198364},"heading":44.250640869140625,"beacons":[]}
07-03 15:30:38.087 I/flutter (20970): [LOCATION RESPONSE] x=0.0 y=0.0 floor=-1 confidence=0.0 nearestNode= snappedX=null snappedY=null isIndoor=false
07-03 15:30:38.768 I/flutter (20970): [POLL] tick (Δ=1000ms)
07-03 15:30:38.820 I/flutter (20970): AUTO-TRANSITION eval=noIndoorDestination hits=0 dist=26.4 rssi=null
07-03 15:30:38.821 I/flutter (20970): [LOCATION REQUEST] {"buildingId":1,"gps":{"latitude":33.925253,"longitude":75.0200943,"accuracy":27.312999725341797,"speed":0.7067376375198364},"heading":44.250640869140625,"beacons":[]}
07-03 15:30:39.103 I/flutter (20970): [LOCATION RESPONSE] x=0.0 y=0.0 floor=-1 confidence=0.0 nearestNode= snappedX=null snappedY=null isIndoor=false
07-03 15:30:39.767 I/flutter (20970): [POLL] tick (Δ=999ms)
07-03 15:30:39.832 I/flutter (20970): AUTO-TRANSITION eval=noIndoorDestination hits=0 dist=26.4 rssi=null
07-03 15:30:39.832 I/flutter (20970): [LOCATION REQUEST] {"buildingId":1,"gps":{"latitude":33.925253,"longitude":75.0200943,"accuracy":27.312999725341797,"speed":0.7067376375198364},"heading":44.250640869140625,"beacons":[]}
07-03 15:30:40.151 I/flutter (20970): [LOCATION RESPONSE] x=0.0 y=0.0 floor=-1 confidence=0.0 nearestNode= snappedX=null snappedY=null isIndoor=false
07-03 15:30:40.767 I/flutter (20970): [POLL] tick (Δ=1000ms)
07-03 15:30:40.827 I/flutter (20970): AUTO-TRANSITION eval=noIndoorDestination hits=0 dist=26.4 rssi=null
07-03 15:30:40.828 I/flutter (20970): [LOCATION REQUEST] {"buildingId":1,"gps":{"latitude":33.925253,"longitude":75.0200943,"accuracy":27.312999725341797,"speed":0.7067376375198364},"heading":44.250640869140625,"beacons":[]}
07-03 15:30:41.353 I/flutter (20970): [LOCATION RESPONSE] x=0.0 y=0.0 floor=-1 confidence=0.0 nearestNode= snappedX=null snappedY=null isIndoor=false
07-03 15:30:41.769 I/flutter (20970): [POLL] tick (Δ=1001ms)
07-03 15:30:41.810 I/flutter (20970): AUTO-TRANSITION eval=noIndoorDestination hits=0 dist=26.4 rssi=null
07-03 15:30:41.810 I/flutter (20970): [LOCATION REQUEST] {"buildingId":1,"gps":{"latitude":33.925253,"longitude":75.0200943,"accuracy":27.312999725341797,"speed":0.7067376375198364},"heading":44.250640869140625,"beacons":[]}
07-03 15:30:42.290 I/flutter (20970): [LOCATION RESPONSE] x=0.0 y=0.0 floor=-1 confidence=0.0 nearestNode= snappedX=null snappedY=null isIndoor=false
07-03 15:30:42.765 I/flutter (20970): [POLL] tick (Δ=996ms)
07-03 15:30:42.801 I/flutter (20970): AUTO-TRANSITION eval=noIndoorDestination hits=0 dist=37.0 rssi=null
07-03 15:30:42.802 I/flutter (20970): [LOCATION REQUEST] {"buildingId":1,"gps":{"latitude":33.9251749,"longitude":75.020025,"accuracy":11.9350004196167,"speed":0.45401936769485474},"heading":137.665771484375,"beacons":[]}
07-03 15:30:43.286 I/flutter (20970): [LOCATION RESPONSE] x=0.0 y=0.0 floor=-1 confidence=0.0 nearestNode= snappedX=null snappedY=null isIndoor=false
07-03 15:30:43.765 I/flutter (20970): [POLL] tick (Δ=999ms)
07-03 15:30:43.829 I/flutter (20970): AUTO-TRANSITION eval=noIndoorDestination hits=0 dist=37.0 rssi=null
07-03 15:30:43.829 I/flutter (20970): [LOCATION REQUEST] {"buildingId":1,"gps":{"latitude":33.9251749,"longitude":75.020025,"accuracy":11.9350004196167,"speed":0.45401936769485474},"heading":137.665771484375,"beacons":[]}
07-03 15:30:44.269 I/flutter (20970): [LOCATION RESPONSE] x=0.0 y=0.0 floor=-1 confidence=0.0 nearestNode= snappedX=null snappedY=null isIndoor=false
07-03 15:30:44.764 I/flutter (20970): [POLL] tick (Δ=999ms)
07-03 15:30:44.828 I/flutter (20970): AUTO-TRANSITION eval=noIndoorDestination hits=0 dist=37.9 rssi=null
07-03 15:30:44.828 I/flutter (20970): [LOCATION REQUEST] {"buildingId":1,"gps":{"latitude":33.9251657,"longitude":75.0200244,"accuracy":10.0,"speed":0.453894704580307},"heading":143.82943725585938,"beacons":[]}
07-03 15:30:45.765 I/flutter (20970): [POLL] tick (Δ=1000ms)
07-03 15:30:45.796 I/flutter (20970): AUTO-TRANSITION eval=noIndoorDestination hits=0 dist=37.9 rssi=null
07-03 15:30:45.797 I/flutter (20970): [LOCATION REQUEST] {"buildingId":1,"gps":{"latitude":33.9251657,"longitude":75.0200244,"accuracy":10.0,"speed":0.453894704580307},"heading":143.82943725585938,"beacons":[]}
07-03 15:30:46.765 I/flutter (20970): [POLL] tick (Δ=999ms)
07-03 15:30:46.832 I/flutter (20970): AUTO-TRANSITION eval=noIndoorDestination hits=0 dist=37.9 rssi=null
07-03 15:30:46.832 I/flutter (20970): [LOCATION REQUEST] {"buildingId":1,"gps":{"latitude":33.9251657,"longitude":75.0200244,"accuracy":10.0,"speed":0.453894704580307},"heading":143.82943725585938,"beacons":[]}
07-03 15:30:47.318 I/flutter (20970): [LOCATION RESPONSE] x=0.0 y=0.0 floor=-1 confidence=0.0 nearestNode= snappedX=null snappedY=null isIndoor=false
07-03 15:30:47.319 I/flutter (20970): [LOCATION RESPONSE] x=0.0 y=0.0 floor=-1 confidence=0.0 nearestNode= snappedX=null snappedY=null isIndoor=false
07-03 15:30:47.766 I/flutter (20970): [POLL] tick (Δ=1000ms)
07-03 15:30:47.828 I/flutter (20970): AUTO-TRANSITION eval=noIndoorDestination hits=0 dist=36.7 rssi=null
07-03 15:30:47.829 I/flutter (20970): [LOCATION REQUEST] {"buildingId":1,"gps":{"latitude":33.925171,"longitude":75.0200412,"accuracy":9.484999656677246,"speed":0.4384407103061676},"heading":117.49786376953125,"beacons":[]}
07-03 15:30:48.442 I/flutter (20970): [LOCATION RESPONSE] x=0.0 y=0.0 floor=-1 confidence=0.0 nearestNode= snappedX=null snappedY=null isIndoor=false
07-03 15:30:48.766 I/flutter (20970): [POLL] tick (Δ=1000ms)
07-03 15:30:48.819 I/flutter (20970): AUTO-TRANSITION eval=noIndoorDestination hits=0 dist=36.7 rssi=null
07-03 15:30:48.819 I/flutter (20970): [LOCATION REQUEST] {"buildingId":1,"gps":{"latitude":33.925171,"longitude":75.0200412,"accuracy":9.484999656677246,"speed":0.4384407103061676},"heading":117.49786376953125,"beacons":[]}
07-03 15:30:48.832 I/flutter (20970): [LOCATION RESPONSE] x=0.0 y=0.0 floor=-1 confidence=0.0 nearestNode= snappedX=null snappedY=null isIndoor=false
07-03 15:30:49.218 I/flutter (20970): [LOCATION RESPONSE] x=0.0 y=0.0 floor=-1 confidence=0.0 nearestNode= snappedX=null snappedY=null isIndoor=false
07-03 15:30:49.767 I/flutter (20970): [POLL] tick (Δ=1000ms)
07-03 15:30:49.826 I/flutter (20970): AUTO-TRANSITION eval=noIndoorDestination hits=0 dist=36.7 rssi=null
07-03 15:30:49.826 I/flutter (20970): [LOCATION REQUEST] {"buildingId":1,"gps":{"latitude":33.925171,"longitude":75.0200412,"accuracy":9.484999656677246,"speed":0.4384407103061676},"heading":117.49786376953125,"beacons":[]}
07-03 15:30:50.219 I/flutter (20970): [LOCATION RESPONSE] x=0.0 y=0.0 floor=-1 confidence=0.0 nearestNode= snappedX=null snappedY=null isIndoor=false
07-03 15:30:50.767 I/flutter (20970): [POLL] tick (Δ=999ms)
07-03 15:30:50.832 I/flutter (20970): AUTO-TRANSITION eval=noIndoorDestination hits=0 dist=36.7 rssi=null
07-03 15:30:50.833 I/flutter (20970): [LOCATION REQUEST] {"buildingId":1,"gps":{"latitude":33.925171,"longitude":75.0200412,"accuracy":9.484999656677246,"speed":0.4384407103061676},"heading":117.49786376953125,"beacons":[]}
07-03 15:30:51.234 I/flutter (20970): [LOCATION RESPONSE] x=0.0 y=0.0 floor=-1 confidence=0.0 nearestNode= snappedX=null snappedY=null isIndoor=false
07-03 15:30:51.767 I/flutter (20970): [POLL] tick (Δ=1000ms)
07-03 15:30:51.824 I/flutter (20970): AUTO-TRANSITION eval=noIndoorDestination hits=0 dist=36.7 rssi=null
07-03 15:30:51.824 I/flutter (20970): [LOCATION REQUEST] {"buildingId":1,"gps":{"latitude":33.925171,"longitude":75.0200412,"accuracy":9.484999656677246,"speed":0.4384407103061676},"heading":117.49786376953125,"beacons":[]}
07-03 15:30:52.213 I/flutter (20970): [LOCATION RESPONSE] x=0.0 y=0.0 floor=-1 confidence=0.0 nearestNode= snappedX=null snappedY=null isIndoor=false
07-03 15:30:52.766 I/flutter (20970): [POLL] tick (Δ=999ms)
07-03 15:30:52.820 I/flutter (20970): AUTO-TRANSITION eval=noIndoorDestination hits=0 dist=35.4 rssi=null
07-03 15:30:52.820 I/flutter (20970): [LOCATION REQUEST] {"buildingId":1,"gps":{"latitude":33.9251764,"longitude":75.020064,"accuracy":5.0879998207092285,"speed":0.5887326002120972},"heading":94.21772003173828,"beacons":[]}
07-03 15:30:53.103 I/flutter (20970): [LOCATION RESPONSE] x=0.0 y=0.0 floor=-1 confidence=0.0 nearestNode= snappedX=null snappedY=null isIndoor=false
07-03 15:30:53.768 I/flutter (20970): [POLL] tick (Δ=1000ms)
07-03 15:30:53.822 I/flutter (20970): AUTO-TRANSITION eval=noIndoorDestination hits=0 dist=34.1 rssi=null
07-03 15:30:53.823 I/flutter (20970): [LOCATION REQUEST] {"buildingId":1,"gps":{"latitude":33.9251863,"longitude":75.020072,"accuracy":5.642000198364258,"speed":0.5903487205505371},"heading":79.76420593261719,"beacons":[]}
07-03 15:30:54.110 I/flutter (20970): [LOCATION RESPONSE] x=0.0 y=0.0 floor=-1 confidence=0.0 nearestNode= snappedX=null snappedY=null isIndoor=false
07-03 15:30:54.765 I/flutter (20970): [POLL] tick (Δ=998ms)
07-03 15:30:54.809 I/flutter (20970): AUTO-TRANSITION eval=noIndoorDestination hits=0 dist=34.1 rssi=null
07-03 15:30:54.810 I/flutter (20970): [LOCATION REQUEST] {"buildingId":1,"gps":{"latitude":33.9251863,"longitude":75.020072,"accuracy":5.642000198364258,"speed":0.5903487205505371},"heading":79.76420593261719,"beacons":[]}
07-03 15:30:55.107 I/flutter (20970): [LOCATION RESPONSE] x=0.0 y=0.0 floor=-1 confidence=0.0 nearestNode= snappedX=null snappedY=null isIndoor=false
07-03 15:30:55.766 I/flutter (20970): [POLL] tick (Δ=999ms)
07-03 15:30:55.803 I/flutter (20970): AUTO-TRANSITION eval=noIndoorDestination hits=0 dist=34.1 rssi=null
07-03 15:30:55.803 I/flutter (20970): [LOCATION REQUEST] {"buildingId":1,"gps":{"latitude":33.9251863,"longitude":75.020072,"accuracy":5.642000198364258,"speed":0.5903487205505371},"heading":79.76420593261719,"beacons":[]}
07-03 15:30:56.154 I/flutter (20970): [LOCATION RESPONSE] x=0.0 y=0.0 floor=-1 confidence=0.0 nearestNode= snappedX=null snappedY=null isIndoor=false
07-03 15:30:56.767 I/flutter (20970): [POLL] tick (Δ=1000ms)
07-03 15:30:56.817 I/flutter (20970): AUTO-TRANSITION eval=noIndoorDestination hits=0 dist=33.2 rssi=null
07-03 15:30:56.818 I/flutter (20970): [LOCATION REQUEST] {"buildingId":1,"gps":{"latitude":33.9251889,"longitude":75.0200903,"accuracy":6.4019999504089355,"speed":0.5902816653251648},"heading":81.24805450439453,"beacons":[]}
07-03 15:30:57.421 I/flutter (20970): [LOCATION RESPONSE] x=0.0 y=0.0 floor=-1 confidence=0.0 nearestNode= snappedX=null snappedY=null isIndoor=false
07-03 15:30:57.765 I/flutter (20970): [POLL] tick (Δ=999ms)
07-03 15:30:57.785 I/flutter (20970): AUTO-TRANSITION eval=noIndoorDestination hits=0 dist=33.1 rssi=null
07-03 15:30:57.786 I/flutter (20970): [LOCATION REQUEST] {"buildingId":1,"gps":{"latitude":33.9251894,"longitude":75.0200937,"accuracy":6.9629998207092285,"speed":0.5903077721595764},"heading":77.82547760009766,"beacons":[]}
07-03 15:30:58.129 I/flutter (20970): [LOCATION RESPONSE] x=0.0 y=0.0 floor=-1 confidence=0.0 nearestNode= snappedX=null snappedY=null isIndoor=false
07-03 15:30:58.768 I/flutter (20970): [POLL] tick (Δ=1001ms)
07-03 15:30:58.827 I/flutter (20970): AUTO-TRANSITION eval=noIndoorDestination hits=0 dist=33.1 rssi=null
07-03 15:30:58.828 I/flutter (20970): [LOCATION REQUEST] {"buildingId":1,"gps":{"latitude":33.9251894,"longitude":75.0200937,"accuracy":6.9629998207092285,"speed":0.5903077721595764},"heading":77.82547760009766,"beacons":[]}
07-03 15:30:59.180 I/flutter (20970): [LOCATION RESPONSE] x=0.0 y=0.0 floor=-1 confidence=0.0 nearestNode= snappedX=null snappedY=null isIndoor=false
07-03 15:30:59.768 I/flutter (20970): [POLL] tick (Δ=1000ms)
07-03 15:30:59.828 I/flutter (20970): AUTO-TRANSITION eval=noIndoorDestination hits=0 dist=33.1 rssi=null
07-03 15:30:59.829 I/flutter (20970): [LOCATION REQUEST] {"buildingId":1,"gps":{"latitude":33.9251894,"longitude":75.0200937,"accuracy":6.9629998207092285,"speed":0.5903077721595764},"heading":77.82547760009766,"beacons":[]}
07-03 15:31:00.421 I/flutter (20970): [LOCATION RESPONSE] x=0.0 y=0.0 floor=-1 confidence=0.0 nearestNode= snappedX=null snappedY=null isIndoor=false
07-03 15:31:00.767 I/flutter (20970): [POLL] tick (Δ=999ms)
07-03 15:31:00.820 I/flutter (20970): AUTO-TRANSITION eval=noIndoorDestination hits=0 dist=33.1 rssi=null
07-03 15:31:00.821 I/flutter (20970): [LOCATION REQUEST] {"buildingId":1,"gps":{"latitude":33.9251894,"longitude":75.0200937,"accuracy":6.9629998207092285,"speed":0.5903077721595764},"heading":77.82547760009766,"beacons":[]}
07-03 15:31:01.319 I/flutter (20970): [LOCATION RESPONSE] x=0.0 y=0.0 floor=-1 confidence=0.0 nearestNode= snappedX=null snappedY=null isIndoor=false
07-03 15:31:01.768 I/flutter (20970): [POLL] tick (Δ=1000ms)
07-03 15:31:01.830 I/flutter (20970): AUTO-TRANSITION eval=noIndoorDestination hits=0 dist=33.1 rssi=null
07-03 15:31:01.831 I/flutter (20970): [LOCATION REQUEST] {"buildingId":1,"gps":{"latitude":33.9251894,"longitude":75.0200937,"accuracy":6.9629998207092285,"speed":0.5903077721595764},"heading":77.82547760009766,"beacons":[]}
07-03 15:31:02.226 I/flutter (20970): [LOCATION RESPONSE] x=0.0 y=0.0 floor=-1 confidence=0.0 nearestNode= snappedX=null snappedY=null isIndoor=false
07-03 15:31:02.766 I/flutter (20970): [POLL] tick (Δ=998ms)
07-03 15:31:02.792 I/flutter (20970): AUTO-TRANSITION eval=noIndoorDestination hits=0 dist=31.0 rssi=null
07-03 15:31:02.793 I/flutter (20970): [LOCATION REQUEST] {"buildingId":1,"gps":{"latitude":33.9252028,"longitude":75.0201179,"accuracy":9.765999794006348,"speed":0.5145111083984375},"heading":69.5493392944336,"beacons":[]}
07-03 15:31:03.162 I/flutter (20970): [LOCATION RESPONSE] x=0.0 y=0.0 floor=-1 confidence=0.0 nearestNode= snappedX=null snappedY=null isIndoor=false
07-03 15:31:03.766 I/flutter (20970): [POLL] tick (Δ=1000ms)
07-03 15:31:03.822 I/flutter (20970): AUTO-TRANSITION eval=noIndoorDestination hits=0 dist=31.0 rssi=null
07-03 15:31:03.823 I/flutter (20970): [LOCATION REQUEST] {"buildingId":1,"gps":{"latitude":33.9252028,"longitude":75.0201179,"accuracy":9.765999794006348,"speed":0.5145111083984375},"heading":69.5493392944336,"beacons":[]}
07-03 15:31:04.217 I/flutter (20970): [LOCATION RESPONSE] x=0.0 y=0.0 floor=-1 confidence=0.0 nearestNode= snappedX=null snappedY=null isIndoor=false
07-03 15:31:04.768 I/flutter (20970): [POLL] tick (Δ=1001ms)
07-03 15:31:04.834 I/flutter (20970): AUTO-TRANSITION eval=noIndoorDestination hits=0 dist=31.0 rssi=null
07-03 15:31:04.835 I/flutter (20970): [LOCATION REQUEST] {"buildingId":1,"gps":{"latitude":33.9252028,"longitude":75.0201179,"accuracy":9.765999794006348,"speed":0.5145111083984375},"heading":69.5493392944336,"beacons":[]}
07-03 15:31:05.416 I/flutter (20970): [LOCATION RESPONSE] x=0.0 y=0.0 floor=-1 confidence=0.0 nearestNode= snappedX=null snappedY=null isIndoor=false
07-03 15:31:05.765 I/flutter (20970): [POLL] tick (Δ=997ms)
07-03 15:31:05.786 I/flutter (20970): AUTO-TRANSITION eval=noIndoorDestination hits=0 dist=31.0 rssi=null
07-03 15:31:05.786 I/flutter (20970): [LOCATION REQUEST] {"buildingId":1,"gps":{"latitude":33.9252028,"longitude":75.0201179,"accuracy":9.765999794006348,"speed":0.5145111083984375},"heading":69.5493392944336,"beacons":[]}
07-03 15:31:06.053 I/flutter (20970): [LOCATION RESPONSE] x=0.0 y=0.0 floor=-1 confidence=0.0 nearestNode= snappedX=null snappedY=null isIndoor=false
07-03 15:31:06.767 I/flutter (20970): [POLL] tick (Δ=1001ms)
07-03 15:31:06.828 I/flutter (20970): AUTO-TRANSITION eval=noIndoorDestination hits=0 dist=31.0 rssi=null
07-03 15:31:06.829 I/flutter (20970): [LOCATION REQUEST] {"buildingId":1,"gps":{"latitude":33.9252028,"longitude":75.0201179,"accuracy":9.765999794006348,"speed":0.5145111083984375},"heading":69.5493392944336,"beacons":[]}
07-03 15:31:07.138 I/flutter (20970): [LOCATION RESPONSE] x=0.0 y=0.0 floor=-1 confidence=0.0 nearestNode= snappedX=null snappedY=null isIndoor=false
07-03 15:31:07.766 I/flutter (20970): [POLL] tick (Δ=999ms)
07-03 15:31:07.798 I/flutter (20970): AUTO-TRANSITION eval=noIndoorDestination hits=0 dist=30.8 rssi=null
07-03 15:31:07.799 I/flutter (20970): [LOCATION REQUEST] {"buildingId":1,"gps":{"latitude":33.9252062,"longitude":75.0201118,"accuracy":7.5879998207092285,"speed":0.2501078248023987},"heading":66.9742202758789,"beacons":[]}
07-03 15:31:08.106 I/flutter (20970): [LOCATION RESPONSE] x=0.0 y=0.0 floor=-1 confidence=0.0 nearestNode= snappedX=null snappedY=null isIndoor=false
07-03 15:31:08.767 I/flutter (20970): [POLL] tick (Δ=1000ms)
07-03 15:31:08.808 I/flutter (20970): AUTO-TRANSITION eval=noIndoorDestination hits=0 dist=30.8 rssi=null
07-03 15:31:08.808 I/flutter (20970): [LOCATION REQUEST] {"buildingId":1,"gps":{"latitude":33.9252062,"longitude":75.0201118,"accuracy":7.5879998207092285,"speed":0.2501078248023987},"heading":66.9742202758789,"beacons":[]}
07-03 15:31:09.328 I/flutter (20970): [LOCATION RESPONSE] x=0.0 y=0.0 floor=-1 confidence=0.0 nearestNode= snappedX=null snappedY=null isIndoor=false
07-03 15:31:09.767 I/flutter (20970): [POLL] tick (Δ=1000ms)
07-03 15:31:09.800 I/flutter (20970): AUTO-TRANSITION eval=noIndoorDestination hits=0 dist=30.8 rssi=null
07-03 15:31:09.800 I/flutter (20970): [LOCATION REQUEST] {"buildingId":1,"gps":{"latitude":33.9252062,"longitude":75.0201118,"accuracy":7.5879998207092285,"speed":0.2501078248023987},"heading":66.9742202758789,"beacons":[]}
07-03 15:31:10.228 I/flutter (20970): [LOCATION RESPONSE] x=0.0 y=0.0 floor=-1 confidence=0.0 nearestNode= snappedX=null snappedY=null isIndoor=false
07-03 15:31:10.767 I/flutter (20970): [POLL] tick (Δ=1000ms)
07-03 15:31:10.822 I/flutter (20970): AUTO-TRANSITION eval=noIndoorDestination hits=0 dist=30.8 rssi=null
07-03 15:31:10.823 I/flutter (20970): [LOCATION REQUEST] {"buildingId":1,"gps":{"latitude":33.9252062,"longitude":75.0201118,"accuracy":7.5879998207092285,"speed":0.2501078248023987},"heading":66.9742202758789,"beacons":[]}
07-03 15:31:11.378 I/flutter (20970): [LOCATION RESPONSE] x=0.0 y=0.0 floor=-1 confidence=0.0 nearestNode= snappedX=null snappedY=null isIndoor=false
07-03 15:31:11.767 I/flutter (20970): [POLL] tick (Δ=999ms)
07-03 15:31:11.816 I/flutter (20970): AUTO-TRANSITION eval=noIndoorDestination hits=0 dist=30.8 rssi=null
07-03 15:31:11.817 I/flutter (20970): [LOCATION REQUEST] {"buildingId":1,"gps":{"latitude":33.9252062,"longitude":75.0201118,"accuracy":7.5879998207092285,"speed":0.2501078248023987},"heading":66.9742202758789,"beacons":[]}
07-03 15:31:12.264 I/flutter (20970): [LOCATION RESPONSE] x=0.0 y=0.0 floor=-1 confidence=0.0 nearestNode= snappedX=null snappedY=null isIndoor=false
07-03 15:31:12.767 I/flutter (20970): [POLL] tick (Δ=1000ms)
07-03 15:31:12.814 I/flutter (20970): AUTO-TRANSITION eval=noIndoorDestination hits=0 dist=30.0 rssi=null
07-03 15:31:12.815 I/flutter (20970): [LOCATION REQUEST] {"buildingId":1,"gps":{"latitude":33.9252116,"longitude":75.0201214,"accuracy":7.202000141143799,"speed":0.25692906975746155},"heading":62.36392593383789,"beacons":[]}
07-03 15:31:13.330 I/flutter (20970): [LOCATION RESPONSE] x=0.0 y=0.0 floor=-1 confidence=0.0 nearestNode= snappedX=null snappedY=null isIndoor=false
07-03 15:31:13.768 I/flutter (20970): [POLL] tick (Δ=1000ms)
07-03 15:31:13.824 I/flutter (20970): AUTO-TRANSITION eval=noIndoorDestination hits=0 dist=30.0 rssi=null
07-03 15:31:13.826 I/flutter (20970): [LOCATION REQUEST] {"buildingId":1,"gps":{"latitude":33.9252116,"longitude":75.0201214,"accuracy":7.202000141143799,"speed":0.25692906975746155},"heading":62.36392593383789,"beacons":[]}
07-03 15:31:14.766 I/flutter (20970): [POLL] tick (Δ=998ms)
07-03 15:31:14.824 I/flutter (20970): AUTO-TRANSITION eval=noIndoorDestination hits=0 dist=29.4 rssi=null
07-03 15:31:14.824 I/flutter (20970): [LOCATION REQUEST] {"buildingId":1,"gps":{"latitude":33.9252151,"longitude":75.0201303,"accuracy":8.5649995803833,"speed":0.9514962434768677},"heading":63.88023376464844,"beacons":[]}
07-03 15:31:15.529 I/flutter (20970): [LOCATION RESPONSE] x=0.0 y=0.0 floor=-1 confidence=0.0 nearestNode= snappedX=null snappedY=null isIndoor=false
07-03 15:31:15.668 I/flutter (20970): [LOCATION RESPONSE] x=0.0 y=0.0 floor=-1 confidence=0.0 nearestNode= snappedX=null snappedY=null isIndoor=false
07-03 15:31:15.766 I/flutter (20970): [POLL] tick (Δ=1000ms)
07-03 15:31:15.816 I/flutter (20970): AUTO-TRANSITION eval=noIndoorDestination hits=0 dist=29.4 rssi=null
07-03 15:31:15.817 I/flutter (20970): [LOCATION REQUEST] {"buildingId":1,"gps":{"latitude":33.9252151,"longitude":75.0201303,"accuracy":8.5649995803833,"speed":0.9514962434768677},"heading":63.88023376464844,"beacons":[]}
07-03 15:31:16.184 I/flutter (20970): [LOCATION RESPONSE] x=0.0 y=0.0 floor=-1 confidence=0.0 nearestNode= snappedX=null snappedY=null isIndoor=false
07-03 15:31:16.767 I/flutter (20970): [POLL] tick (Δ=1000ms)
07-03 15:31:16.814 I/flutter (20970): AUTO-TRANSITION eval=noIndoorDestination hits=0 dist=29.4 rssi=null
07-03 15:31:16.815 I/flutter (20970): [LOCATION REQUEST] {"buildingId":1,"gps":{"latitude":33.9252151,"longitude":75.0201303,"accuracy":8.5649995803833,"speed":0.9514962434768677},"heading":63.88023376464844,"beacons":[]}
07-03 15:31:17.766 I/flutter (20970): [POLL] tick (Δ=999ms)
07-03 15:31:17.795 I/flutter (20970): AUTO-TRANSITION eval=noIndoorDestination hits=0 dist=29.4 rssi=null
07-03 15:31:17.795 I/flutter (20970): [LOCATION REQUEST] {"buildingId":1,"gps":{"latitude":33.9252183,"longitude":75.0201173,"accuracy":8.321999549865723,"speed":0.07246100157499313},"heading":0.0,"beacons":[]}
07-03 15:31:18.069 I/flutter (20970): [LOCATION RESPONSE] x=0.0 y=0.0 floor=-1 confidence=0.0 nearestNode= snappedX=null snappedY=null isIndoor=false
07-03 15:31:18.770 I/flutter (20970): [POLL] tick (Δ=1004ms)
07-03 15:31:18.810 I/flutter (20970): AUTO-TRANSITION eval=noIndoorDestination hits=0 dist=29.7 rssi=null
07-03 15:31:18.810 I/flutter (20970): [LOCATION REQUEST] {"buildingId":1,"gps":{"latitude":33.925217,"longitude":75.0201115,"accuracy":8.274999618530273,"speed":0.0739336833357811},"heading":0.0,"beacons":[]}
07-03 15:31:18.866 I/flutter (20970): [LOCATION RESPONSE] x=0.0 y=0.0 floor=-1 confidence=0.0 nearestNode= snappedX=null snappedY=null isIndoor=false
07-03 15:31:19.766 I/flutter (20970): [POLL] tick (Δ=995ms)
07-03 15:31:19.805 I/flutter (20970): AUTO-TRANSITION eval=noIndoorDestination hits=0 dist=29.7 rssi=null
07-03 15:31:19.806 I/flutter (20970): [LOCATION REQUEST] {"buildingId":1,"gps":{"latitude":33.9252167,"longitude":75.0201107,"accuracy":7.789000034332275,"speed":0.07467542588710785},"heading":0.0,"beacons":[]}
07-03 15:31:20.068 I/flutter (20970): [LOCATION RESPONSE] x=0.0 y=0.0 floor=-1 confidence=0.0 nearestNode= snappedX=null snappedY=null isIndoor=false
07-03 15:31:20.766 I/flutter (20970): [POLL] tick (Δ=1000ms)
07-03 15:31:20.807 I/flutter (20970): AUTO-TRANSITION eval=noIndoorDestination hits=0 dist=29.7 rssi=null
07-03 15:31:20.808 I/flutter (20970): [LOCATION REQUEST] {"buildingId":1,"gps":{"latitude":33.9252167,"longitude":75.0201107,"accuracy":7.789000034332275,"speed":0.07467542588710785},"heading":0.0,"beacons":[]}
07-03 15:31:20.828 I/flutter (20970): [LOCATION RESPONSE] x=0.0 y=0.0 floor=-1 confidence=0.0 nearestNode= snappedX=null snappedY=null isIndoor=false
07-03 15:31:21.708 I/flutter (20970): [LOCATION RESPONSE] x=0.0 y=0.0 floor=-1 confidence=0.0 nearestNode= snappedX=null snappedY=null isIndoor=false
07-03 15:31:21.765 I/flutter (20970): [POLL] tick (Δ=999ms)
07-03 15:31:21.794 I/flutter (20970): AUTO-TRANSITION eval=noIndoorDestination hits=0 dist=29.7 rssi=null
07-03 15:31:21.795 I/flutter (20970): [LOCATION REQUEST] {"buildingId":1,"gps":{"latitude":33.9252166,"longitude":75.0201099,"accuracy":7.7820000648498535,"speed":0.07576315850019455},"heading":0.0,"beacons":[]}
07-03 15:31:22.765 I/flutter (20970): [POLL] tick (Δ=999ms)
07-03 15:31:22.795 I/flutter (20970): AUTO-TRANSITION eval=noIndoorDestination hits=0 dist=30.7 rssi=null
07-03 15:31:22.796 I/flutter (20970): [LOCATION REQUEST] {"buildingId":1,"gps":{"latitude":33.9252137,"longitude":75.0200885,"accuracy":7.40500020980835,"speed":0.4045923352241516},"heading":229.14356994628906,"beacons":[]}
07-03 15:31:22.819 I/flutter (20970): [LOCATION RESPONSE] x=0.0 y=0.0 floor=-1 confidence=0.0 nearestNode= snappedX=null snappedY=null isIndoor=false
07-03 15:31:23.767 I/flutter (20970): [POLL] tick (Δ=1001ms)
07-03 15:31:23.818 I/flutter (20970): AUTO-TRANSITION eval=noIndoorDestination hits=0 dist=30.7 rssi=null
07-03 15:31:23.819 I/flutter (20970): [LOCATION REQUEST] {"buildingId":1,"gps":{"latitude":33.9252137,"longitude":75.0200885,"accuracy":7.40500020980835,"speed":0.4045923352241516},"heading":229.14356994628906,"beacons":[]}
07-03 15:31:23.891 I/flutter (20970): [LOCATION RESPONSE] x=0.0 y=0.0 floor=-1 confidence=0.0 nearestNode= snappedX=null snappedY=null isIndoor=false
07-03 15:31:24.766 I/flutter (20970): [POLL] tick (Δ=999ms)
07-03 15:31:24.806 I/flutter (20970): AUTO-TRANSITION eval=noIndoorDestination hits=0 dist=30.7 rssi=null
07-03 15:31:24.807 I/flutter (20970): [LOCATION REQUEST] {"buildingId":1,"gps":{"latitude":33.9252137,"longitude":75.0200885,"accuracy":7.40500020980835,"speed":0.4045923352241516},"heading":229.14356994628906,"beacons":[]}
07-03 15:31:25.114 I/flutter (20970): [LOCATION RESPONSE] x=0.0 y=0.0 floor=-1 confidence=0.0 nearestNode= snappedX=null snappedY=null isIndoor=false
07-03 15:31:25.512 I/flutter (20970): [LOCATION RESPONSE] x=0.0 y=0.0 floor=-1 confidence=0.0 nearestNode= snappedX=null snappedY=null isIndoor=false
07-03 15:31:25.765 I/flutter (20970): [POLL] tick (Δ=998ms)
07-03 15:31:25.786 I/flutter (20970): AUTO-TRANSITION eval=noIndoorDestination hits=0 dist=30.7 rssi=null
07-03 15:31:25.786 I/flutter (20970): [LOCATION REQUEST] {"buildingId":1,"gps":{"latitude":33.9252137,"longitude":75.0200885,"accuracy":7.40500020980835,"speed":0.4045923352241516},"heading":229.14356994628906,"beacons":[]}
07-03 15:31:26.766 I/flutter (20970): [POLL] tick (Δ=1001ms)
07-03 15:31:26.809 I/flutter (20970): AUTO-TRANSITION eval=noIndoorDestination hits=0 dist=30.7 rssi=null
07-03 15:31:26.809 I/flutter (20970): [LOCATION REQUEST] {"buildingId":1,"gps":{"latitude":33.9252137,"longitude":75.0200885,"accuracy":7.40500020980835,"speed":0.4045923352241516},"heading":229.14356994628906,"beacons":[]}
07-03 15:31:27.078 I/flutter (20970): [LOCATION RESPONSE] x=0.0 y=0.0 floor=-1 confidence=0.0 nearestNode= snappedX=null snappedY=null isIndoor=false
07-03 15:31:27.642 I/flutter (20970): [LOCATION RESPONSE] x=0.0 y=0.0 floor=-1 confidence=0.0 nearestNode= snappedX=null snappedY=null isIndoor=false
07-03 15:31:27.765 I/flutter (20970): [POLL] tick (Δ=999ms)
07-03 15:31:27.796 I/flutter (20970): AUTO-TRANSITION eval=noIndoorDestination hits=0 dist=30.8 rssi=null
07-03 15:31:27.796 I/flutter (20970): [LOCATION REQUEST] {"buildingId":1,"gps":{"latitude":33.9252118,"longitude":75.0200915,"accuracy":5.9670000076293945,"speed":0.0797501653432846},"heading":0.0,"beacons":[]}
07-03 15:31:28.421 I/flutter (20970): [LOCATION RESPONSE] x=0.0 y=0.0 floor=-1 confidence=0.0 nearestNode= snappedX=null snappedY=null isIndoor=false
07-03 15:31:28.767 I/flutter (20970): [POLL] tick (Δ=1001ms)
07-03 15:31:28.831 I/flutter (20970): AUTO-TRANSITION eval=noIndoorDestination hits=0 dist=30.8 rssi=null
07-03 15:31:28.832 I/flutter (20970): [LOCATION REQUEST] {"buildingId":1,"gps":{"latitude":33.9252118,"longitude":75.0200915,"accuracy":5.9670000076293945,"speed":0.0797501653432846},"heading":0.0,"beacons":[]}
07-03 15:31:29.769 I/flutter (20970): [POLL] tick (Δ=1001ms)
07-03 15:31:29.810 I/flutter (20970): AUTO-TRANSITION eval=noIndoorDestination hits=0 dist=30.8 rssi=null
07-03 15:31:29.810 I/flutter (20970): [LOCATION REQUEST] {"buildingId":1,"gps":{"latitude":33.9252118,"longitude":75.0200915,"accuracy":5.9670000076293945,"speed":0.0797501653432846},"heading":0.0,"beacons":[]}
07-03 15:31:29.990 I/flutter (20970): [LOCATION RESPONSE] x=0.0 y=0.0 floor=-1 confidence=0.0 nearestNode= snappedX=null snappedY=null isIndoor=false
07-03 15:31:30.424 I/flutter (20970): [LOCATION RESPONSE] x=0.0 y=0.0 floor=-1 confidence=0.0 nearestNode= snappedX=null snappedY=null isIndoor=false
07-03 15:31:30.766 I/flutter (20970): [POLL] tick (Δ=997ms)
07-03 15:31:30.799 I/flutter (20970): AUTO-TRANSITION eval=noIndoorDestination hits=0 dist=30.8 rssi=null
07-03 15:31:30.799 I/flutter (20970): [LOCATION REQUEST] {"buildingId":1,"gps":{"latitude":33.9252118,"longitude":75.0200915,"accuracy":5.9670000076293945,"speed":0.0797501653432846},"heading":0.0,"beacons":[]}
07-03 15:31:31.337 I/flutter (20970): [LOCATION RESPONSE] x=0.0 y=0.0 floor=-1 confidence=0.0 nearestNode= snappedX=null snappedY=null isIndoor=false
07-03 15:31:31.767 I/flutter (20970): [POLL] tick (Δ=1000ms)
07-03 15:31:31.822 I/flutter (20970): AUTO-TRANSITION eval=noIndoorDestination hits=0 dist=31.3 rssi=null
07-03 15:31:31.823 I/flutter (20970): [LOCATION REQUEST] {"buildingId":1,"gps":{"latitude":33.9252078,"longitude":75.0200885,"accuracy":5.763000011444092,"speed":0.07088211178779602},"heading":0.0,"beacons":[]}
07-03 15:31:32.257 I/flutter (20970): [LOCATION RESPONSE] x=0.0 y=0.0 floor=-1 confidence=0.0 nearestNode= snappedX=null snappedY=null isIndoor=false
07-03 15:31:32.765 I/flutter (20970): [POLL] tick (Δ=999ms)
07-03 15:31:32.794 I/flutter (20970): AUTO-TRANSITION eval=noIndoorDestination hits=0 dist=30.8 rssi=null
07-03 15:31:32.794 I/flutter (20970): [LOCATION REQUEST] {"buildingId":1,"gps":{"latitude":33.9252122,"longitude":75.0200893,"accuracy":5.841000080108643,"speed":0.11318695545196533},"heading":229.29869079589844,"beacons":[]}
07-03 15:31:33.230 I/flutter (20970): [LOCATION RESPONSE] x=0.0 y=0.0 floor=-1 confidence=0.0 nearestNode= snappedX=null snappedY=null isIndoor=false
07-03 15:31:33.768 I/flutter (20970): [POLL] tick (Δ=1001ms)
07-03 15:31:33.825 I/flutter (20970): AUTO-TRANSITION eval=noIndoorDestination hits=0 dist=30.8 rssi=null
07-03 15:31:33.826 I/flutter (20970): [LOCATION REQUEST] {"buildingId":1,"gps":{"latitude":33.9252122,"longitude":75.0200893,"accuracy":5.841000080108643,"speed":0.11318695545196533},"heading":229.29869079589844,"beacons":[]}
07-03 15:31:34.529 I/flutter (20970): [LOCATION RESPONSE] x=0.0 y=0.0 floor=-1 confidence=0.0 nearestNode= snappedX=null snappedY=null isIndoor=false
07-03 15:31:34.767 I/flutter (20970): [POLL] tick (Δ=999ms)
07-03 15:31:34.827 I/flutter (20970): AUTO-TRANSITION eval=noIndoorDestination hits=0 dist=30.8 rssi=null
07-03 15:31:34.828 I/flutter (20970): [LOCATION REQUEST] {"buildingId":1,"gps":{"latitude":33.9252122,"longitude":75.0200893,"accuracy":5.841000080108643,"speed":0.11318695545196533},"heading":229.29869079589844,"beacons":[]}
07-03 15:31:35.766 I/flutter (20970): [POLL] tick (Δ=999ms)
07-03 15:31:35.816 I/flutter (20970): [LOCATION RESPONSE] x=0.0 y=0.0 floor=-1 confidence=0.0 nearestNode= snappedX=null snappedY=null isIndoor=false
07-03 15:31:35.827 I/flutter (20970): AUTO-TRANSITION eval=noIndoorDestination hits=0 dist=30.8 rssi=null
07-03 15:31:35.828 I/flutter (20970): [LOCATION REQUEST] {"buildingId":1,"gps":{"latitude":33.9252122,"longitude":75.0200893,"accuracy":5.841000080108643,"speed":0.11318695545196533},"heading":229.29869079589844,"beacons":[]}
07-03 15:31:36.655 I/flutter (20970): [LOCATION RESPONSE] x=0.0 y=0.0 floor=-1 confidence=0.0 nearestNode= snappedX=null snappedY=null isIndoor=false
07-03 15:31:36.766 I/flutter (20970): [POLL] tick (Δ=999ms)
07-03 15:31:36.803 I/flutter (20970): AUTO-TRANSITION eval=noIndoorDestination hits=0 dist=30.8 rssi=null
07-03 15:31:36.803 I/flutter (20970): [LOCATION REQUEST] {"buildingId":1,"gps":{"latitude":33.9252122,"longitude":75.0200893,"accuracy":5.841000080108643,"speed":0.11318695545196533},"heading":229.29869079589844,"beacons":[]}
07-03 15:31:37.492 I/flutter (20970): [LOCATION RESPONSE] x=0.0 y=0.0 floor=-1 confidence=0.0 nearestNode= snappedX=null snappedY=null isIndoor=false
07-03 15:31:37.765 I/flutter (20970): [POLL] tick (Δ=999ms)
07-03 15:31:37.800 I/flutter (20970): AUTO-TRANSITION eval=noIndoorDestination hits=0 dist=31.3 rssi=null
07-03 15:31:37.800 I/flutter (20970): [LOCATION REQUEST] {"buildingId":1,"gps":{"latitude":33.9252079,"longitude":75.0200891,"accuracy":5.765999794006348,"speed":0.06828758120536804},"heading":0.0,"beacons":[]}
07-03 15:31:38.314 I/flutter (20970): [LOCATION RESPONSE] x=0.0 y=0.0 floor=-1 confidence=0.0 nearestNode= snappedX=null snappedY=null isIndoor=false
07-03 15:31:38.767 I/flutter (20970): [POLL] tick (Δ=1001ms)
07-03 15:31:38.827 I/flutter (20970): AUTO-TRANSITION eval=noIndoorDestination hits=0 dist=31.3 rssi=null
07-03 15:31:38.828 I/flutter (20970): [LOCATION REQUEST] {"buildingId":1,"gps":{"latitude":33.9252079,"longitude":75.0200891,"accuracy":5.765999794006348,"speed":0.06828758120536804},"heading":0.0,"beacons":[]}
07-03 15:31:39.609 I/flutter (20970): [LOCATION RESPONSE] x=0.0 y=0.0 floor=-1 confidence=0.0 nearestNode= snappedX=null snappedY=null isIndoor=false
07-03 15:31:39.766 I/flutter (20970): [POLL] tick (Δ=999ms)
07-03 15:31:39.817 I/flutter (20970): AUTO-TRANSITION eval=noIndoorDestination hits=0 dist=31.6 rssi=null
07-03 15:31:39.818 I/flutter (20970): [LOCATION REQUEST] {"buildingId":1,"gps":{"latitude":33.925206,"longitude":75.0200856,"accuracy":5.966000080108643,"speed":0.08286917954683304},"heading":0.0,"beacons":[]}
07-03 15:31:40.146 I/flutter (20970): [LOCATION RESPONSE] x=0.0 y=0.0 floor=-1 confidence=0.0 nearestNode= snappedX=null snappedY=null isIndoor=false
07-03 15:31:40.738 I/flutter (20970): [POLL] stopped
07-03 15:31:40.738 I/flutter (20970): BLE STOP RUNNING
07-03 15:31:40.738 I/flutter (20970): [POLL] paused (REALTIME TRACKING PAUSED)
07-03 15:31:40.744 I/flutter (20970): [FBP] stopScan: already stopped
07-03 15:31:44.252 I/flutter (20970): BLE START RUNNING
07-03 15:31:44.253 I/flutter (20970): [POLL] started (cadence=1s)
07-03 15:31:44.253 I/flutter (20970): [POLL] resumed (REALTIME TRACKING RESUMED)
07-03 15:31:44.276 I/flutter (20970): BLE CALLBACK HIT
07-03 15:31:44.276 I/flutter (20970): BLE CALLBACK RUNNING
07-03 15:31:45.256 I/flutter (20970): [POLL] tick (Δ=5490ms)
07-03 15:31:46.256 I/flutter (20970): [POLL] tick (Δ=999ms)
07-03 15:31:47.257 I/flutter (20970): [POLL] tick (Δ=1000ms)
07-03 15:31:47.564 I/flutter (20970): AUTO-TRANSITION eval=noIndoorDestination hits=0 dist=31.6 rssi=null
07-03 15:31:47.565 I/flutter (20970): [LOCATION REQUEST] {"buildingId":1,"gps":{"latitude":33.9252052,"longitude":75.0200876,"accuracy":10.831999778747559,"speed":0.5753219723701477},"heading":90.02942657470703,"beacons":[]}
07-03 15:31:47.574 I/flutter (20970): AUTO-TRANSITION eval=noIndoorDestination hits=0 dist=31.6 rssi=null
07-03 15:31:47.575 I/flutter (20970): [LOCATION REQUEST] {"buildingId":1,"gps":{"latitude":33.9252052,"longitude":75.0200876,"accuracy":10.831999778747559,"speed":0.5753219723701477},"heading":90.02942657470703,"beacons":[]}
07-03 15:31:47.583 I/flutter (20970): AUTO-TRANSITION eval=noIndoorDestination hits=0 dist=31.6 rssi=null
07-03 15:31:47.584 I/flutter (20970): [LOCATION REQUEST] {"buildingId":1,"gps":{"latitude":33.9252052,"longitude":75.0200876,"accuracy":10.831999778747559,"speed":0.5753219723701477},"heading":90.02942657470703,"beacons":[]}
07-03 15:31:48.255 I/flutter (20970): [POLL] tick (Δ=998ms)
07-03 15:31:48.284 I/flutter (20970): AUTO-TRANSITION eval=noIndoorDestination hits=0 dist=31.5 rssi=null
07-03 15:31:48.284 I/flutter (20970): [LOCATION REQUEST] {"buildingId":1,"gps":{"latitude":33.9252057,"longitude":75.0200887,"accuracy":10.904999732971191,"speed":0.18352843821048737},"heading":90.0,"beacons":[]}
07-03 15:31:49.095 I/flutter (20970): [LOCATION RESPONSE] x=0.0 y=0.0 floor=-1 confidence=0.0 nearestNode= snappedX=null snappedY=null isIndoor=false
07-03 15:31:49.232 I/flutter (20970): [LOCATION RESPONSE] x=0.0 y=0.0 floor=-1 confidence=0.0 nearestNode= snappedX=null snappedY=null isIndoor=false
07-03 15:31:49.234 I/flutter (20970): [LOCATION RESPONSE] x=0.0 y=0.0 floor=-1 confidence=0.0 nearestNode= snappedX=null snappedY=null isIndoor=false
07-03 15:31:49.254 I/flutter (20970): [POLL] tick (Δ=999ms)
07-03 15:31:49.295 I/flutter (20970): AUTO-TRANSITION eval=noIndoorDestination hits=0 dist=31.5 rssi=null
07-03 15:31:49.296 I/flutter (20970): [LOCATION REQUEST] {"buildingId":1,"gps":{"latitude":33.9252057,"longitude":75.0200887,"accuracy":10.904999732971191,"speed":0.18352843821048737},"heading":90.0,"beacons":[]}
07-03 15:31:49.812 I/flutter (20970): [LOCATION RESPONSE] x=0.0 y=0.0 floor=-1 confidence=0.0 nearestNode= snappedX=null snappedY=null isIndoor=false
07-03 15:31:50.004 I/flutter (20970): [LOCATION RESPONSE] x=0.0 y=0.0 floor=-1 confidence=0.0 nearestNode= snappedX=null snappedY=null isIndoor=false
07-03 15:31:50.254 I/flutter (20970): [POLL] tick (Δ=999ms)
07-03 15:31:50.285 I/flutter (20970): AUTO-TRANSITION eval=noIndoorDestination hits=0 dist=31.5 rssi=null
07-03 15:31:50.286 I/flutter (20970): [LOCATION REQUEST] {"buildingId":1,"gps":{"latitude":33.9252057,"longitude":75.0200887,"accuracy":10.904999732971191,"speed":0.18352843821048737},"heading":90.0,"beacons":[]}
07-03 15:31:50.787 I/flutter (20970): [LOCATION RESPONSE] x=0.0 y=0.0 floor=-1 confidence=0.0 nearestNode= snappedX=null snappedY=null isIndoor=false
07-03 15:31:51.256 I/flutter (20970): [POLL] tick (Δ=1000ms)
07-03 15:31:51.302 I/flutter (20970): AUTO-TRANSITION eval=noIndoorDestination hits=0 dist=31.5 rssi=null
07-03 15:31:51.303 I/flutter (20970): [LOCATION REQUEST] {"buildingId":1,"gps":{"latitude":33.9252057,"longitude":75.0200887,"accuracy":10.904999732971191,"speed":0.18352843821048737},"heading":90.0,"beacons":[]}
07-03 15:31:51.609 I/flutter (20970): [LOCATION RESPONSE] x=0.0 y=0.0 floor=-1 confidence=0.0 nearestNode= snappedX=null snappedY=null isIndoor=false
07-03 15:32:35.774 I/flutter (30508): [IMPORTANT:flutter/shell/platform/android/android_context_vk_impeller.cc(62)] Using the Impeller rendering backend (Vulkan).
07-03 15:32:35.835 I/flutter (30508): The Dart VM service is listening on http://127.0.0.1:44667/vvH0-fdkS_E=/
07-03 15:32:36.050 I/flutter (30508): COGNIFIND APP BUILDING
07-03 15:32:36.095 I/flutter (30508): REALTIME PROVIDER CREATED
07-03 15:32:36.095 I/flutter (30508): RealtimePositionProvider STARTED
07-03 15:32:36.096 I/flutter (30508): BLE START RUNNING
07-03 15:32:36.098 I/flutter (30508): [POLL] started (cadence=1s)
07-03 15:32:36.943 I/flutter (30508): BLE CALLBACK HIT
07-03 15:32:36.944 I/flutter (30508): BLE CALLBACK RUNNING
07-03 15:32:37.100 I/flutter (30508): [POLL] tick (Δ=0ms)
07-03 15:32:38.101 I/flutter (30508): [POLL] tick (Δ=998ms)
07-03 15:32:38.486 I/flutter (30508): AUTO-TRANSITION eval=noIndoorDestination hits=0 dist=29.6 rssi=null
07-03 15:32:38.488 I/flutter (30508): [LOCATION REQUEST] {"buildingId":1,"gps":{"latitude":33.9252127,"longitude":75.0201348,"accuracy":33.849998474121094,"speed":0.0},"heading":0.0,"beacons":[]}
07-03 15:32:38.524 I/flutter (30508): AUTO-TRANSITION eval=noIndoorDestination hits=0 dist=29.6 rssi=null
07-03 15:32:38.525 I/flutter (30508): [LOCATION REQUEST] {"buildingId":1,"gps":{"latitude":33.9252127,"longitude":75.0201348,"accuracy":33.849998474121094,"speed":0.0},"heading":0.0,"beacons":[]}
07-03 15:32:38.912 I/flutter (30508): [LOCATION RESPONSE] x=0.0 y=0.0 floor=-1 confidence=0.0 nearestNode= snappedX=null snappedY=null isIndoor=false
07-03 15:32:38.913 I/flutter (30508): [LOCATION RESPONSE] x=0.0 y=0.0 floor=-1 confidence=0.0 nearestNode= snappedX=null snappedY=null isIndoor=false
07-03 15:32:39.100 I/flutter (30508): [POLL] tick (Δ=1000ms)
07-03 15:32:39.133 I/flutter (30508): AUTO-TRANSITION eval=noIndoorDestination hits=0 dist=29.6 rssi=null
07-03 15:32:39.134 I/flutter (30508): [LOCATION REQUEST] {"buildingId":1,"gps":{"latitude":33.9252127,"longitude":75.0201348,"accuracy":33.849998474121094,"speed":0.0},"heading":0.0,"beacons":[]}
07-03 15:32:39.436 I/flutter (30508): [LOCATION RESPONSE] x=0.0 y=0.0 floor=-1 confidence=0.0 nearestNode= snappedX=null snappedY=null isIndoor=false
07-03 15:32:40.102 I/flutter (30508): [POLL] tick (Δ=1001ms)
07-03 15:32:40.155 I/flutter (30508): AUTO-TRANSITION eval=noIndoorDestination hits=0 dist=29.6 rssi=null
07-03 15:32:40.157 I/flutter (30508): [LOCATION REQUEST] {"buildingId":1,"gps":{"latitude":33.9252127,"longitude":75.0201348,"accuracy":33.849998474121094,"speed":0.0},"heading":0.0,"beacons":[]}
07-03 15:32:40.518 I/flutter (30508): [LOCATION RESPONSE] x=0.0 y=0.0 floor=-1 confidence=0.0 nearestNode= snappedX=null snappedY=null isIndoor=false
07-03 15:32:41.101 I/flutter (30508): [POLL] tick (Δ=999ms)
07-03 15:32:41.155 I/flutter (30508): AUTO-TRANSITION eval=noIndoorDestination hits=0 dist=29.8 rssi=null
07-03 15:32:41.156 I/flutter (30508): [LOCATION REQUEST] {"buildingId":1,"gps":{"latitude":33.9252114,"longitude":75.0201324,"accuracy":43.86899948120117,"speed":0.013360288925468922},"heading":0.0,"beacons":[]}
07-03 15:32:41.435 I/flutter (30508): [LOCATION RESPONSE] x=0.0 y=0.0 floor=-1 confidence=0.0 nearestNode= snappedX=null snappedY=null isIndoor=false
07-03 15:32:42.100 I/flutter (30508): [POLL] tick (Δ=998ms)
07-03 15:32:42.148 I/flutter (30508): AUTO-TRANSITION eval=noIndoorDestination hits=0 dist=29.8 rssi=null
07-03 15:32:42.149 I/flutter (30508): [LOCATION REQUEST] {"buildingId":1,"gps":{"latitude":33.9252114,"longitude":75.0201324,"accuracy":43.86899948120117,"speed":0.013360288925468922},"heading":0.0,"beacons":[]}
07-03 15:32:42.472 I/flutter (30508): [LOCATION RESPONSE] x=0.0 y=0.0 floor=-1 confidence=0.0 nearestNode= snappedX=null snappedY=null isIndoor=false
07-03 15:32:43.101 I/flutter (30508): [POLL] tick (Δ=1000ms)
07-03 15:32:43.160 I/flutter (30508): AUTO-TRANSITION eval=noIndoorDestination hits=0 dist=29.8 rssi=null
07-03 15:32:43.163 I/flutter (30508): [LOCATION REQUEST] {"buildingId":1,"gps":{"latitude":33.9252114,"longitude":75.0201324,"accuracy":43.86899948120117,"speed":0.013360288925468922},"heading":0.0,"beacons":[]}
07-03 15:32:43.471 I/flutter (30508): [LOCATION RESPONSE] x=0.0 y=0.0 floor=-1 confidence=0.0 nearestNode= snappedX=null snappedY=null isIndoor=false
07-03 15:32:44.101 I/flutter (30508): [POLL] tick (Δ=1000ms)
07-03 15:32:44.147 I/flutter (30508): AUTO-TRANSITION eval=noIndoorDestination hits=0 dist=29.8 rssi=null
07-03 15:32:44.148 I/flutter (30508): [LOCATION REQUEST] {"buildingId":1,"gps":{"latitude":33.9252114,"longitude":75.0201324,"accuracy":43.86899948120117,"speed":0.013360288925468922},"heading":0.0,"beacons":[]}
07-03 15:32:44.518 I/flutter (30508): [LOCATION RESPONSE] x=0.0 y=0.0 floor=-1 confidence=0.0 nearestNode= snappedX=null snappedY=null isIndoor=false
07-03 15:32:45.100 I/flutter (30508): [POLL] tick (Δ=998ms)
07-03 15:32:45.123 I/flutter (30508): AUTO-TRANSITION eval=noIndoorDestination hits=0 dist=29.8 rssi=null
07-03 15:32:45.123 I/flutter (30508): [LOCATION REQUEST] {"buildingId":1,"gps":{"latitude":33.9252114,"longitude":75.0201324,"accuracy":43.86899948120117,"speed":0.013360288925468922},"heading":0.0,"beacons":[]}
07-03 15:32:45.500 I/flutter (30508): [LOCATION RESPONSE] x=0.0 y=0.0 floor=-1 confidence=0.0 nearestNode= snappedX=null snappedY=null isIndoor=false
07-03 15:32:46.099 I/flutter (30508): [POLL] tick (Δ=999ms)
07-03 15:32:46.168 I/flutter (30508): AUTO-TRANSITION eval=noIndoorDestination hits=0 dist=30.1 rssi=null
07-03 15:32:46.169 I/flutter (30508): [LOCATION REQUEST] {"buildingId":1,"gps":{"latitude":33.9252091,"longitude":75.0201297,"accuracy":48.09400177001953,"speed":0.5521299242973328},"heading":90.04293060302734,"beacons":[]}
07-03 15:32:46.640 I/flutter (30508): [LOCATION RESPONSE] x=0.0 y=0.0 floor=-1 confidence=0.0 nearestNode= snappedX=null snappedY=null isIndoor=false
07-03 15:32:47.099 I/flutter (30508): [POLL] tick (Δ=1000ms)
07-03 15:32:47.136 I/flutter (30508): AUTO-TRANSITION eval=noIndoorDestination hits=0 dist=30.1 rssi=null
07-03 15:32:47.137 I/flutter (30508): [LOCATION REQUEST] {"buildingId":1,"gps":{"latitude":33.9252091,"longitude":75.0201297,"accuracy":48.09400177001953,"speed":0.5521299242973328},"heading":90.04293060302734,"beacons":[]}
07-03 15:32:47.774 I/flutter (30508): [LOCATION RESPONSE] x=0.0 y=0.0 floor=-1 confidence=0.0 nearestNode= snappedX=null snappedY=null isIndoor=false
07-03 15:32:48.099 I/flutter (30508): [POLL] tick (Δ=1000ms)
07-03 15:32:48.139 I/flutter (30508): AUTO-TRANSITION eval=noIndoorDestination hits=0 dist=30.1 rssi=null
07-03 15:32:48.139 I/flutter (30508): [LOCATION REQUEST] {"buildingId":1,"gps":{"latitude":33.9252091,"longitude":75.0201297,"accuracy":48.09400177001953,"speed":0.5521299242973328},"heading":90.04293060302734,"beacons":[]}
07-03 15:32:48.622 I/flutter (30508): [LOCATION RESPONSE] x=0.0 y=0.0 floor=-1 confidence=0.0 nearestNode= snappedX=null snappedY=null isIndoor=false
07-03 15:32:49.099 I/flutter (30508): [POLL] tick (Δ=999ms)
07-03 15:32:49.168 I/flutter (30508): AUTO-TRANSITION eval=noIndoorDestination hits=0 dist=30.1 rssi=null
07-03 15:32:49.169 I/flutter (30508): [LOCATION REQUEST] {"buildingId":1,"gps":{"latitude":33.9252095,"longitude":75.0201285,"accuracy":45.58599853515625,"speed":0.5550323128700256},"heading":90.0,"beacons":[]}
07-03 15:32:49.422 I/flutter (30508): [LOCATION RESPONSE] x=0.0 y=0.0 floor=-1 confidence=0.0 nearestNode= snappedX=null snappedY=null isIndoor=false
07-03 15:32:50.100 I/flutter (30508): [POLL] tick (Δ=1001ms)
07-03 15:32:50.154 I/flutter (30508): AUTO-TRANSITION eval=noIndoorDestination hits=0 dist=30.1 rssi=null
07-03 15:32:50.155 I/flutter (30508): [LOCATION REQUEST] {"buildingId":1,"gps":{"latitude":33.9252095,"longitude":75.0201285,"accuracy":45.58599853515625,"speed":0.5550323128700256},"heading":90.0,"beacons":[]}
07-03 15:32:50.603 I/flutter (30508): Tapped building: CSE
07-03 15:32:50.603 I/flutter (30508): Destination node: N217
07-03 15:32:50.865 I/flutter (30508): [LOCATION RESPONSE] x=0.0 y=0.0 floor=-1 confidence=0.0 nearestNode= snappedX=null snappedY=null isIndoor=false
07-03 15:32:51.099 I/flutter (30508): [POLL] tick (Δ=998ms)
07-03 15:32:51.126 I/flutter (30508): AUTO-TRANSITION eval=noIndoorDestination hits=0 dist=28.3 rssi=null
07-03 15:32:51.126 I/flutter (30508): [LOCATION REQUEST] {"buildingId":1,"gps":{"latitude":33.925223,"longitude":75.0201459,"accuracy":29.150999069213867,"speed":0.28819340467453003},"heading":89.98904418945312,"beacons":[]}
07-03 15:32:51.386 I/flutter (30508): [LOCATION RESPONSE] x=0.0 y=0.0 floor=-1 confidence=0.0 nearestNode= snappedX=null snappedY=null isIndoor=false
07-03 15:32:51.606 I/flutter (30508): [TRANSITION] enterIndoorTransition() called (phase=enteringIndoor)
07-03 15:32:51.868 I/flutter (30508): [TRANSITION] switchToIndoor() at peak opacity (mode=indoor)
07-03 15:32:52.058 I/flutter (30508): unhandled element <defs/>; Picture key: Svg loader
07-03 15:32:52.058 I/flutter (30508): unhandled element <sodipodi:namedview/>; Picture key: Svg loader
07-03 15:32:52.376 I/flutter (30508): [POLL] tick (Δ=1277ms)
07-03 15:32:52.418 I/flutter (30508): AUTO-TRANSITION eval=notOutdoor hits=0 dist=28.3 rssi=null
07-03 15:32:52.418 I/flutter (30508): [LOCATION REQUEST] {"buildingId":1,"gps":{"latitude":33.925223,"longitude":75.0201459,"accuracy":29.150999069213867,"speed":0.28819340467453003},"heading":89.98904418945312,"beacons":[]}
07-03 15:32:52.715 I/flutter (30508): [LOCATION RESPONSE] x=0.0 y=0.0 floor=-1 confidence=0.0 nearestNode= snappedX=null snappedY=null isIndoor=false
07-03 15:32:53.099 I/flutter (30508): [POLL] tick (Δ=723ms)
07-03 15:32:53.126 I/flutter (30508): AUTO-TRANSITION eval=notOutdoor hits=0 dist=28.3 rssi=null
07-03 15:32:53.126 I/flutter (30508): [LOCATION REQUEST] {"buildingId":1,"gps":{"latitude":33.925223,"longitude":75.0201459,"accuracy":29.150999069213867,"speed":0.28819340467453003},"heading":89.98904418945312,"beacons":[]}
07-03 15:32:54.099 I/flutter (30508): [POLL] tick (Δ=1000ms)
07-03 15:32:54.127 I/flutter (30508): AUTO-TRANSITION eval=notOutdoor hits=0 dist=28.3 rssi=null
07-03 15:32:54.127 I/flutter (30508): [LOCATION REQUEST] {"buildingId":1,"gps":{"latitude":33.925223,"longitude":75.0201459,"accuracy":29.150999069213867,"speed":0.28819340467453003},"heading":89.98904418945312,"beacons":[]}
07-03 15:32:55.099 I/flutter (30508): [POLL] tick (Δ=999ms)
07-03 15:32:55.136 I/flutter (30508): AUTO-TRANSITION eval=notOutdoor hits=0 dist=28.3 rssi=null
07-03 15:32:55.137 I/flutter (30508): [LOCATION REQUEST] {"buildingId":1,"gps":{"latitude":33.925223,"longitude":75.0201459,"accuracy":29.150999069213867,"speed":0.28819340467453003},"heading":89.98904418945312,"beacons":[]}
07-03 15:32:56.079 I/flutter (30508): [LOCATION RESPONSE] x=0.0 y=0.0 floor=-1 confidence=0.0 nearestNode= snappedX=null snappedY=null isIndoor=false
07-03 15:32:56.099 I/flutter (30508): [POLL] tick (Δ=1000ms)
07-03 15:32:56.126 I/flutter (30508): AUTO-TRANSITION eval=notOutdoor hits=0 dist=28.6 rssi=null
07-03 15:32:56.126 I/flutter (30508): [LOCATION REQUEST] {"buildingId":1,"gps":{"latitude":33.9252209,"longitude":75.0201423,"accuracy":14.788999557495117,"speed":0.4054967761039734},"heading":90.0020980834961,"beacons":[]}
07-03 15:32:56.520 I/flutter (30508): [LOCATION RESPONSE] x=0.0 y=0.0 floor=-1 confidence=0.0 nearestNode= snappedX=null snappedY=null isIndoor=false
07-03 15:32:56.570 I/flutter (30508): [LOCATION RESPONSE] x=0.0 y=0.0 floor=-1 confidence=0.0 nearestNode= snappedX=null snappedY=null isIndoor=false
07-03 15:32:56.571 I/flutter (30508): [LOCATION RESPONSE] x=0.0 y=0.0 floor=-1 confidence=0.0 nearestNode= snappedX=null snappedY=null isIndoor=false
07-03 15:32:57.098 I/flutter (30508): [POLL] tick (Δ=999ms)
07-03 15:32:57.132 I/flutter (30508): AUTO-TRANSITION eval=notOutdoor hits=0 dist=28.6 rssi=null
07-03 15:32:57.132 I/flutter (30508): [LOCATION REQUEST] {"buildingId":1,"gps":{"latitude":33.9252209,"longitude":75.0201423,"accuracy":14.788999557495117,"speed":0.4054967761039734},"heading":90.0020980834961,"beacons":[]}
07-03 15:32:58.099 I/flutter (30508): [POLL] tick (Δ=1000ms)
07-03 15:32:58.133 I/flutter (30508): AUTO-TRANSITION eval=notOutdoor hits=0 dist=28.6 rssi=null
07-03 15:32:58.134 I/flutter (30508): [LOCATION REQUEST] {"buildingId":1,"gps":{"latitude":33.9252209,"longitude":75.0201423,"accuracy":14.788999557495117,"speed":0.4054967761039734},"heading":90.0020980834961,"beacons":[]}
07-03 15:32:58.538 I/flutter (30508): [LOCATION RESPONSE] x=0.0 y=0.0 floor=-1 confidence=0.0 nearestNode= snappedX=null snappedY=null isIndoor=false
07-03 15:32:59.098 I/flutter (30508): [POLL] tick (Δ=999ms)
07-03 15:32:59.116 I/flutter (30508): AUTO-TRANSITION eval=notOutdoor hits=0 dist=28.6 rssi=null
07-03 15:32:59.116 I/flutter (30508): [LOCATION REQUEST] {"buildingId":1,"gps":{"latitude":33.9252207,"longitude":75.0201409,"accuracy":14.701000213623047,"speed":0.4063376784324646},"heading":90.00113677978516,"beacons":[]}
07-03 15:33:00.098 I/flutter (30508): [POLL] tick (Δ=1000ms)
07-03 15:33:00.108 I/flutter (30508): AUTO-TRANSITION eval=notOutdoor hits=0 dist=28.6 rssi=null
07-03 15:33:00.108 I/flutter (30508): [LOCATION REQUEST] {"buildingId":1,"gps":{"latitude":33.9252207,"longitude":75.0201409,"accuracy":14.701000213623047,"speed":0.4063376784324646},"heading":90.00113677978516,"beacons":[]}
07-03 15:33:00.395 I/flutter (30508): [LOCATION RESPONSE] x=0.0 y=0.0 floor=-1 confidence=0.0 nearestNode= snappedX=null snappedY=null isIndoor=false
07-03 15:33:00.765 I/flutter (30508): [LOCATION RESPONSE] x=0.0 y=0.0 floor=-1 confidence=0.0 nearestNode= snappedX=null snappedY=null isIndoor=false
07-03 15:33:00.766 I/flutter (30508): [LOCATION RESPONSE] x=0.0 y=0.0 floor=-1 confidence=0.0 nearestNode= snappedX=null snappedY=null isIndoor=false
07-03 15:33:01.098 I/flutter (30508): [POLL] tick (Δ=999ms)
07-03 15:33:01.112 I/flutter (30508): AUTO-TRANSITION eval=notOutdoor hits=0 dist=28.5 rssi=null
07-03 15:33:01.112 I/flutter (30508): [LOCATION REQUEST] {"buildingId":1,"gps":{"latitude":33.9252209,"longitude":75.0201468,"accuracy":14.553000450134277,"speed":0.4074166417121887},"heading":89.9998779296875,"beacons":[]}
07-03 15:33:01.450 I/flutter (30508): [LOCATION RESPONSE] x=0.0 y=0.0 floor=-1 confidence=0.0 nearestNode= snappedX=null snappedY=null isIndoor=false
07-03 15:33:02.099 I/flutter (30508): [POLL] tick (Δ=1000ms)
07-03 15:33:02.108 I/flutter (30508): AUTO-TRANSITION eval=notOutdoor hits=0 dist=28.5 rssi=null
07-03 15:33:02.108 I/flutter (30508): [LOCATION REQUEST] {"buildingId":1,"gps":{"latitude":33.9252209,"longitude":75.0201468,"accuracy":14.553000450134277,"speed":0.4074166417121887},"heading":89.9998779296875,"beacons":[]}
07-03 15:33:02.348 I/flutter (30508): [LOCATION RESPONSE] x=0.0 y=0.0 floor=-1 confidence=0.0 nearestNode= snappedX=null snappedY=null isIndoor=false
07-03 15:33:03.100 I/flutter (30508): [POLL] tick (Δ=1001ms)
07-03 15:33:03.145 I/flutter (30508): AUTO-TRANSITION eval=notOutdoor hits=0 dist=28.5 rssi=null
07-03 15:33:03.146 I/flutter (30508): [LOCATION REQUEST] {"buildingId":1,"gps":{"latitude":33.9252209,"longitude":75.0201468,"accuracy":14.553000450134277,"speed":0.4074166417121887},"heading":89.9998779296875,"beacons":[]}
07-03 15:33:03.492 I/flutter (30508): [LOCATION RESPONSE] x=0.0 y=0.0 floor=-1 confidence=0.0 nearestNode= snappedX=null snappedY=null isIndoor=false
07-03 15:33:04.100 I/flutter (30508): [POLL] tick (Δ=999ms)
07-03 15:33:04.137 I/flutter (30508): AUTO-TRANSITION eval=notOutdoor hits=0 dist=26.5 rssi=null
07-03 15:33:04.138 I/flutter (30508): [LOCATION REQUEST] {"buildingId":1,"gps":{"latitude":33.9252351,"longitude":75.0201804,"accuracy":10.829000473022461,"speed":0.8214604258537292},"heading":73.10697937011719,"beacons":[]}
07-03 15:33:04.409 I/flutter (30508): [LOCATION RESPONSE] x=0.0 y=0.0 floor=-1 confidence=0.0 nearestNode= snappedX=null snappedY=null isIndoor=false
07-03 15:33:05.099 I/flutter (30508): [POLL] tick (Δ=999ms)
07-03 15:33:05.137 I/flutter (30508): AUTO-TRANSITION eval=notOutdoor hits=0 dist=26.5 rssi=null
07-03 15:33:05.137 I/flutter (30508): [LOCATION REQUEST] {"buildingId":1,"gps":{"latitude":33.9252351,"longitude":75.0201804,"accuracy":10.829000473022461,"speed":0.8214604258537292},"heading":73.10697937011719,"beacons":[]}
07-03 15:33:05.421 I/flutter (30508): [LOCATION RESPONSE] x=0.0 y=0.0 floor=-1 confidence=0.0 nearestNode= snappedX=null snappedY=null isIndoor=false
07-03 15:33:06.100 I/flutter (30508): [POLL] tick (Δ=1000ms)
07-03 15:33:06.149 I/flutter (30508): AUTO-TRANSITION eval=notOutdoor hits=0 dist=26.1 rssi=null
07-03 15:33:06.150 I/flutter (30508): [LOCATION REQUEST] {"buildingId":1,"gps":{"latitude":33.9252384,"longitude":75.020193,"accuracy":12.463000297546387,"speed":0.8174451589584351},"heading":77.98693084716797,"beacons":[]}
07-03 15:33:06.486 I/flutter (30508): [LOCATION RESPONSE] x=0.0 y=0.0 floor=-1 confidence=0.0 nearestNode= snappedX=null snappedY=null isIndoor=false
07-03 15:33:07.099 I/flutter (30508): [POLL] tick (Δ=999ms)
07-03 15:33:07.133 I/flutter (30508): AUTO-TRANSITION eval=notOutdoor hits=0 dist=26.1 rssi=null
07-03 15:33:07.133 I/flutter (30508): [LOCATION REQUEST] {"buildingId":1,"gps":{"latitude":33.9252384,"longitude":75.020193,"accuracy":12.463000297546387,"speed":0.8174451589584351},"heading":77.98693084716797,"beacons":[]}
07-03 15:33:08.100 I/flutter (30508): [POLL] tick (Δ=1000ms)
07-03 15:33:08.147 I/flutter (30508): AUTO-TRANSITION eval=notOutdoor hits=0 dist=26.1 rssi=null
07-03 15:33:08.148 I/flutter (30508): [LOCATION REQUEST] {"buildingId":1,"gps":{"latitude":33.9252384,"longitude":75.020193,"accuracy":12.463000297546387,"speed":0.8174451589584351},"heading":77.98693084716797,"beacons":[]}
07-03 15:33:09.100 I/flutter (30508): [POLL] tick (Δ=1000ms)
07-03 15:33:09.142 I/flutter (30508): AUTO-TRANSITION eval=notOutdoor hits=0 dist=26.1 rssi=null
07-03 15:33:09.143 I/flutter (30508): [LOCATION REQUEST] {"buildingId":1,"gps":{"latitude":33.9252384,"longitude":75.020193,"accuracy":12.463000297546387,"speed":0.8174451589584351},"heading":77.98693084716797,"beacons":[]}
07-03 15:33:09.308 I/flutter (30508): [LOCATION RESPONSE] x=0.0 y=0.0 floor=-1 confidence=0.0 nearestNode= snappedX=null snappedY=null isIndoor=false
07-03 15:33:09.461 I/flutter (30508): [LOCATION RESPONSE] x=0.0 y=0.0 floor=-1 confidence=0.0 nearestNode= snappedX=null snappedY=null isIndoor=false
07-03 15:33:09.473 I/flutter (30508): [LOCATION RESPONSE] x=0.0 y=0.0 floor=-1 confidence=0.0 nearestNode= snappedX=null snappedY=null isIndoor=false
07-03 15:33:10.099 I/flutter (30508): [POLL] tick (Δ=999ms)
07-03 15:33:10.135 I/flutter (30508): AUTO-TRANSITION eval=notOutdoor hits=0 dist=26.1 rssi=null
07-03 15:33:10.135 I/flutter (30508): [LOCATION REQUEST] {"buildingId":1,"gps":{"latitude":33.9252384,"longitude":75.020193,"accuracy":12.463000297546387,"speed":0.8174451589584351},"heading":77.98693084716797,"beacons":[]}
07-03 15:33:11.099 I/flutter (30508): [POLL] tick (Δ=999ms)
07-03 15:33:11.129 I/flutter (30508): AUTO-TRANSITION eval=notOutdoor hits=0 dist=27.3 rssi=null
07-03 15:33:11.129 I/flutter (30508): [LOCATION REQUEST] {"buildingId":1,"gps":{"latitude":33.9252274,"longitude":75.0202051,"accuracy":9.50100040435791,"speed":0.547285795211792},"heading":116.1703872680664,"beacons":[]}
07-03 15:33:12.099 I/flutter (30508): [POLL] tick (Δ=999ms)
07-03 15:33:12.141 I/flutter (30508): AUTO-TRANSITION eval=notOutdoor hits=0 dist=27.3 rssi=null
07-03 15:33:12.142 I/flutter (30508): [LOCATION REQUEST] {"buildingId":1,"gps":{"latitude":33.9252274,"longitude":75.0202051,"accuracy":9.50100040435791,"speed":0.547285795211792},"heading":116.1703872680664,"beacons":[]}
07-03 15:33:12.841 I/flutter (30508): [LOCATION RESPONSE] x=0.0 y=0.0 floor=-1 confidence=0.0 nearestNode= snappedX=null snappedY=null isIndoor=false
07-03 15:33:12.842 I/flutter (30508): [LOCATION RESPONSE] x=0.0 y=0.0 floor=-1 confidence=0.0 nearestNode= snappedX=null snappedY=null isIndoor=false
07-03 15:33:13.100 I/flutter (30508): [POLL] tick (Δ=1000ms)
07-03 15:33:13.145 I/flutter (30508): AUTO-TRANSITION eval=notOutdoor hits=0 dist=27.3 rssi=null
07-03 15:33:13.146 I/flutter (30508): [LOCATION REQUEST] {"buildingId":1,"gps":{"latitude":33.9252274,"longitude":75.0202051,"accuracy":9.50100040435791,"speed":0.547285795211792},"heading":116.1703872680664,"beacons":[]}
07-03 15:33:13.684 I/flutter (30508): [LOCATION RESPONSE] x=0.0 y=0.0 floor=-1 confidence=0.0 nearestNode= snappedX=null snappedY=null isIndoor=false
07-03 15:33:14.100 I/flutter (30508): [POLL] tick (Δ=1000ms)
07-03 15:33:14.145 I/flutter (30508): AUTO-TRANSITION eval=notOutdoor hits=0 dist=27.5 rssi=null
07-03 15:33:14.146 I/flutter (30508): [LOCATION REQUEST] {"buildingId":1,"gps":{"latitude":33.9252256,"longitude":75.0202056,"accuracy":10.395000457763672,"speed":0.5472159385681152},"heading":116.22518157958984,"beacons":[]}
07-03 15:33:14.441 I/flutter (30508): [LOCATION RESPONSE] x=0.0 y=0.0 floor=-1 confidence=0.0 nearestNode= snappedX=null snappedY=null isIndoor=false
07-03 15:33:15.100 I/flutter (30508): [POLL] tick (Δ=999ms)
07-03 15:33:15.148 I/flutter (30508): AUTO-TRANSITION eval=notOutdoor hits=0 dist=27.5 rssi=null
07-03 15:33:15.148 I/flutter (30508): [LOCATION REQUEST] {"buildingId":1,"gps":{"latitude":33.9252256,"longitude":75.0202056,"accuracy":10.395000457763672,"speed":0.5472159385681152},"heading":116.22518157958984,"beacons":[]}
07-03 15:33:15.406 I/flutter (30508): [LOCATION RESPONSE] x=0.0 y=0.0 floor=-1 confidence=0.0 nearestNode= snappedX=null snappedY=null isIndoor=false
07-03 15:33:15.529 I/flutter (30508): [LOCATION RESPONSE] x=0.0 y=0.0 floor=-1 confidence=0.0 nearestNode= snappedX=null snappedY=null isIndoor=false
07-03 15:33:16.100 I/flutter (30508): [POLL] tick (Δ=999ms)
07-03 15:33:16.146 I/flutter (30508): AUTO-TRANSITION eval=notOutdoor hits=0 dist=28.2 rssi=null
07-03 15:33:16.146 I/flutter (30508): [LOCATION REQUEST] {"buildingId":1,"gps":{"latitude":33.9252212,"longitude":75.0201661,"accuracy":6.947000026702881,"speed":0.09070433676242828},"heading":0.0,"beacons":[]}
07-03 15:33:16.746 I/flutter (30508): [LOCATION RESPONSE] x=0.0 y=0.0 floor=-1 confidence=0.0 nearestNode= snappedX=null snappedY=null isIndoor=false
07-03 15:33:17.100 I/flutter (30508): [POLL] tick (Δ=1000ms)
07-03 15:33:17.147 I/flutter (30508): AUTO-TRANSITION eval=notOutdoor hits=0 dist=28.2 rssi=null
07-03 15:33:17.147 I/flutter (30508): [LOCATION REQUEST] {"buildingId":1,"gps":{"latitude":33.9252212,"longitude":75.0201661,"accuracy":6.947000026702881,"speed":0.09070433676242828},"heading":0.0,"beacons":[]}
07-03 15:33:17.481 I/flutter (30508): [LOCATION RESPONSE] x=0.0 y=0.0 floor=-1 confidence=0.0 nearestNode= snappedX=null snappedY=null isIndoor=false
07-03 15:33:18.100 I/flutter (30508): [POLL] tick (Δ=1000ms)
07-03 15:33:18.146 I/flutter (30508): AUTO-TRANSITION eval=notOutdoor hits=0 dist=28.2 rssi=null
07-03 15:33:18.147 I/flutter (30508): [LOCATION REQUEST] {"buildingId":1,"gps":{"latitude":33.9252212,"longitude":75.0201661,"accuracy":6.947000026702881,"speed":0.09070433676242828},"heading":0.0,"beacons":[]}
07-03 15:33:18.433 I/flutter (30508): [LOCATION RESPONSE] x=0.0 y=0.0 floor=-1 confidence=0.0 nearestNode= snappedX=null snappedY=null isIndoor=false
07-03 15:33:19.100 I/flutter (30508): [POLL] tick (Δ=999ms)
07-03 15:33:19.157 I/flutter (30508): AUTO-TRANSITION eval=notOutdoor hits=0 dist=28.2 rssi=null
07-03 15:33:19.159 I/flutter (30508): [LOCATION REQUEST] {"buildingId":1,"gps":{"latitude":33.9252212,"longitude":75.0201661,"accuracy":6.947000026702881,"speed":0.09070433676242828},"heading":0.0,"beacons":[]}
07-03 15:33:19.516 I/flutter (30508): [LOCATION RESPONSE] x=0.0 y=0.0 floor=-1 confidence=0.0 nearestNode= snappedX=null snappedY=null isIndoor=false
07-03 15:33:20.099 I/flutter (30508): [POLL] tick (Δ=999ms)
07-03 15:33:20.142 I/flutter (30508): AUTO-TRANSITION eval=notOutdoor hits=0 dist=28.2 rssi=null
07-03 15:33:20.143 I/flutter (30508): [LOCATION REQUEST] {"buildingId":1,"gps":{"latitude":33.9252212,"longitude":75.0201661,"accuracy":6.947000026702881,"speed":0.09070433676242828},"heading":0.0,"beacons":[]}
07-03 15:33:21.052 I/flutter (30508): [LOCATION RESPONSE] x=0.0 y=0.0 floor=-1 confidence=0.0 nearestNode= snappedX=null snappedY=null isIndoor=false
07-03 15:33:21.100 I/flutter (30508): [POLL] tick (Δ=1000ms)
07-03 15:33:21.145 I/flutter (30508): AUTO-TRANSITION eval=notOutdoor hits=0 dist=28.5 rssi=null
07-03 15:33:21.146 I/flutter (30508): [LOCATION REQUEST] {"buildingId":1,"gps":{"latitude":33.9252185,"longitude":75.0201627,"accuracy":4.684000015258789,"speed":0.09408929198980331},"heading":0.0,"beacons":[]}
07-03 15:33:21.732 I/flutter (30508): [LOCATION RESPONSE] x=0.0 y=0.0 floor=-1 confidence=0.0 nearestNode= snappedX=null snappedY=null isIndoor=false
07-03 15:33:22.101 I/flutter (30508): [POLL] tick (Δ=1000ms)
07-03 15:33:22.154 I/flutter (30508): AUTO-TRANSITION eval=notOutdoor hits=0 dist=28.5 rssi=null
07-03 15:33:22.155 I/flutter (30508): [LOCATION REQUEST] {"buildingId":1,"gps":{"latitude":33.9252185,"longitude":75.0201627,"accuracy":4.684000015258789,"speed":0.09408929198980331},"heading":0.0,"beacons":[]}
07-03 15:33:23.102 I/flutter (30508): [LOCATION RESPONSE] x=0.0 y=0.0 floor=-1 confidence=0.0 nearestNode= snappedX=null snappedY=null isIndoor=false
07-03 15:33:23.104 I/flutter (30508): [POLL] tick (Δ=1002ms)
07-03 15:33:23.150 I/flutter (30508): AUTO-TRANSITION eval=notOutdoor hits=0 dist=28.5 rssi=null
07-03 15:33:23.150 I/flutter (30508): [LOCATION REQUEST] {"buildingId":1,"gps":{"latitude":33.9252185,"longitude":75.0201627,"accuracy":4.684000015258789,"speed":0.09408929198980331},"heading":0.0,"beacons":[]}
07-03 15:33:23.731 I/flutter (30508): [LOCATION RESPONSE] x=0.0 y=0.0 floor=-1 confidence=0.0 nearestNode= snappedX=null snappedY=null isIndoor=false
07-03 15:33:24.100 I/flutter (30508): [POLL] tick (Δ=996ms)
07-03 15:33:24.142 I/flutter (30508): AUTO-TRANSITION eval=notOutdoor hits=0 dist=29.1 rssi=null
07-03 15:33:24.143 I/flutter (30508): [LOCATION REQUEST] {"buildingId":1,"gps":{"latitude":33.9252136,"longitude":75.020164,"accuracy":4.531000137329102,"speed":0.5237112641334534},"heading":173.20620727539062,"beacons":[]}
07-03 15:33:24.938 I/flutter (30508): [LOCATION RESPONSE] x=0.0 y=0.0 floor=-1 confidence=0.0 nearestNode= snappedX=null snappedY=null isIndoor=false
07-03 15:33:25.100 I/flutter (30508): [POLL] tick (Δ=999ms)
07-03 15:33:25.159 I/flutter (30508): AUTO-TRANSITION eval=notOutdoor hits=0 dist=29.1 rssi=null
07-03 15:33:25.161 I/flutter (30508): [LOCATION REQUEST] {"buildingId":1,"gps":{"latitude":33.9252136,"longitude":75.020164,"accuracy":4.531000137329102,"speed":0.5237112641334534},"heading":173.20620727539062,"beacons":[]}
07-03 15:33:25.449 I/flutter (30508): [LOCATION RESPONSE] x=0.0 y=0.0 floor=-1 confidence=0.0 nearestNode= snappedX=null snappedY=null isIndoor=false
07-03 15:33:26.099 I/flutter (30508): [POLL] tick (Δ=999ms)
07-03 15:33:26.115 I/flutter (30508): AUTO-TRANSITION eval=notOutdoor hits=0 dist=29.9 rssi=null
07-03 15:33:26.115 I/flutter (30508): [LOCATION REQUEST] {"buildingId":1,"gps":{"latitude":33.9252056,"longitude":75.0201679,"accuracy":5.48799991607666,"speed":0.5324655175209045},"heading":167.9334259033203,"beacons":[]}
07-03 15:33:26.477 I/flutter (30508): [LOCATION RESPONSE] x=0.0 y=0.0 floor=-1 confidence=0.0 nearestNode= snappedX=null snappedY=null isIndoor=false
07-03 15:33:27.100 I/flutter (30508): [POLL] tick (Δ=1001ms)
07-03 15:33:27.149 I/flutter (30508): AUTO-TRANSITION eval=notOutdoor hits=0 dist=29.9 rssi=null
07-03 15:33:27.150 I/flutter (30508): [LOCATION REQUEST] {"buildingId":1,"gps":{"latitude":33.9252056,"longitude":75.0201679,"accuracy":5.48799991607666,"speed":0.5324655175209045},"heading":167.9334259033203,"beacons":[]}
07-03 15:33:27.456 I/flutter (30508): [LOCATION RESPONSE] x=0.0 y=0.0 floor=-1 confidence=0.0 nearestNode= snappedX=null snappedY=null isIndoor=false
07-03 15:33:28.100 I/flutter (30508): [POLL] tick (Δ=1000ms)
07-03 15:33:28.143 I/flutter (30508): AUTO-TRANSITION eval=notOutdoor hits=0 dist=29.9 rssi=null
07-03 15:33:28.145 I/flutter (30508): [LOCATION REQUEST] {"buildingId":1,"gps":{"latitude":33.9252056,"longitude":75.0201679,"accuracy":5.48799991607666,"speed":0.5324655175209045},"heading":167.9334259033203,"beacons":[]}
07-03 15:33:28.598 I/flutter (30508): [LOCATION RESPONSE] x=0.0 y=0.0 floor=-1 confidence=0.0 nearestNode= snappedX=null snappedY=null isIndoor=false
07-03 15:33:29.100 I/flutter (30508): [POLL] tick (Δ=999ms)
07-03 15:33:29.145 I/flutter (30508): AUTO-TRANSITION eval=notOutdoor hits=0 dist=29.9 rssi=null
07-03 15:33:29.146 I/flutter (30508): [LOCATION REQUEST] {"buildingId":1,"gps":{"latitude":33.9252056,"longitude":75.0201679,"accuracy":5.48799991607666,"speed":0.5324655175209045},"heading":167.9334259033203,"beacons":[]}
07-03 15:33:29.434 I/flutter (30508): [LOCATION RESPONSE] x=0.0 y=0.0 floor=-1 confidence=0.0 nearestNode= snappedX=null snappedY=null isIndoor=false
07-03 15:33:30.102 I/flutter (30508): [POLL] tick (Δ=1000ms)
07-03 15:33:30.166 I/flutter (30508): AUTO-TRANSITION eval=notOutdoor hits=0 dist=29.9 rssi=null
07-03 15:33:30.167 I/flutter (30508): [LOCATION REQUEST] {"buildingId":1,"gps":{"latitude":33.9252056,"longitude":75.0201679,"accuracy":5.48799991607666,"speed":0.5324655175209045},"heading":167.9334259033203,"beacons":[]}
07-03 15:33:30.666 I/flutter (30508): [LOCATION RESPONSE] x=0.0 y=0.0 floor=-1 confidence=0.0 nearestNode= snappedX=null snappedY=null isIndoor=false
07-03 15:33:31.101 I/flutter (30508): [POLL] tick (Δ=999ms)
07-03 15:33:31.158 I/flutter (30508): AUTO-TRANSITION eval=notOutdoor hits=0 dist=29.7 rssi=null
07-03 15:33:31.159 I/flutter (30508): [LOCATION REQUEST] {"buildingId":1,"gps":{"latitude":33.9252074,"longitude":75.0201678,"accuracy":5.678999900817871,"speed":0.044427886605262756},"heading":0.0,"beacons":[]}
07-03 15:33:31.804 I/flutter (30508): [LOCATION RESPONSE] x=0.0 y=0.0 floor=-1 confidence=0.0 nearestNode= snappedX=null snappedY=null isIndoor=false
07-03 15:33:32.101 I/flutter (30508): [POLL] tick (Δ=1000ms)
07-03 15:33:32.153 I/flutter (30508): AUTO-TRANSITION eval=notOutdoor hits=0 dist=29.7 rssi=null
07-03 15:33:32.154 I/flutter (30508): [LOCATION REQUEST] {"buildingId":1,"gps":{"latitude":33.9252074,"longitude":75.0201678,"accuracy":5.678999900817871,"speed":0.044427886605262756},"heading":0.0,"beacons":[]}
07-03 15:33:32.712 I/flutter (30508): [LOCATION RESPONSE] x=0.0 y=0.0 floor=-1 confidence=0.0 nearestNode= snappedX=null snappedY=null isIndoor=false
07-03 15:33:33.101 I/flutter (30508): [POLL] tick (Δ=1000ms)
07-03 15:33:33.158 I/flutter (30508): AUTO-TRANSITION eval=notOutdoor hits=0 dist=29.7 rssi=null
07-03 15:33:33.159 I/flutter (30508): [LOCATION REQUEST] {"buildingId":1,"gps":{"latitude":33.9252074,"longitude":75.0201678,"accuracy":5.678999900817871,"speed":0.044427886605262756},"heading":0.0,"beacons":[]}
07-03 15:33:33.566 I/flutter (30508): [LOCATION RESPONSE] x=0.0 y=0.0 floor=-1 confidence=0.0 nearestNode= snappedX=null snappedY=null isIndoor=false
07-03 15:33:34.102 I/flutter (30508): [POLL] tick (Δ=1000ms)
07-03 15:33:34.154 I/flutter (30508): AUTO-TRANSITION eval=notOutdoor hits=0 dist=30.0 rssi=null
07-03 15:33:34.155 I/flutter (30508): [LOCATION REQUEST] {"buildingId":1,"gps":{"latitude":33.9252044,"longitude":75.0201681,"accuracy":7.063000202178955,"speed":0.1987864077091217},"heading":178.40252685546875,"beacons":[]}
07-03 15:33:34.464 I/flutter (30508): [LOCATION RESPONSE] x=0.0 y=0.0 floor=-1 confidence=0.0 nearestNode= snappedX=null snappedY=null isIndoor=false
07-03 15:33:35.099 I/flutter (30508): [POLL] tick (Δ=997ms)
07-03 15:33:35.130 I/flutter (30508): AUTO-TRANSITION eval=notOutdoor hits=0 dist=30.0 rssi=null
07-03 15:33:35.130 I/flutter (30508): [LOCATION REQUEST] {"buildingId":1,"gps":{"latitude":33.9252044,"longitude":75.0201681,"accuracy":7.063000202178955,"speed":0.1987864077091217},"heading":178.40252685546875,"beacons":[]}
07-03 15:33:35.440 I/flutter (30508): [LOCATION RESPONSE] x=0.0 y=0.0 floor=-1 confidence=0.0 nearestNode= snappedX=null snappedY=null isIndoor=false
07-03 15:33:36.101 I/flutter (30508): [POLL] tick (Δ=1001ms)
07-03 15:33:36.145 I/flutter (30508): AUTO-TRANSITION eval=notOutdoor hits=0 dist=32.5 rssi=null
07-03 15:33:36.147 I/flutter (30508): [LOCATION REQUEST] {"buildingId":1,"gps":{"latitude":33.9251816,"longitude":75.0201748,"accuracy":8.164999961853027,"speed":1.3270102739334106},"heading":165.17556762695312,"beacons":[]}
07-03 15:33:36.479 I/flutter (30508): [LOCATION RESPONSE] x=0.0 y=0.0 floor=-1 confidence=0.0 nearestNode= snappedX=null snappedY=null isIndoor=false
07-03 15:33:37.099 I/flutter (30508): [POLL] tick (Δ=998ms)
07-03 15:33:37.125 I/flutter (30508): AUTO-TRANSITION eval=notOutdoor hits=0 dist=32.5 rssi=null
07-03 15:33:37.125 I/flutter (30508): [LOCATION REQUEST] {"buildingId":1,"gps":{"latitude":33.9251816,"longitude":75.0201748,"accuracy":8.164999961853027,"speed":1.3270102739334106},"heading":165.17556762695312,"beacons":[]}
07-03 15:33:37.431 I/flutter (30508): [LOCATION RESPONSE] x=0.0 y=0.0 floor=-1 confidence=0.0 nearestNode= snappedX=null snappedY=null isIndoor=false
07-03 15:33:38.099 I/flutter (30508): [POLL] tick (Δ=1000ms)
07-03 15:33:38.131 I/flutter (30508): AUTO-TRANSITION eval=notOutdoor hits=0 dist=34.8 rssi=null
07-03 15:33:38.132 I/flutter (30508): [LOCATION REQUEST] {"buildingId":1,"gps":{"latitude":33.9251603,"longitude":75.0201822,"accuracy":13.156999588012695,"speed":1.3274199962615967},"heading":156.28688049316406,"beacons":[]}
07-03 15:33:38.727 I/flutter (30508): [LOCATION RESPONSE] x=0.0 y=0.0 floor=-1 confidence=0.0 nearestNode= snappedX=null snappedY=null isIndoor=false
07-03 15:33:39.100 I/flutter (30508): [POLL] tick (Δ=1000ms)
07-03 15:33:39.140 I/flutter (30508): AUTO-TRANSITION eval=notOutdoor hits=0 dist=35.1 rssi=null
07-03 15:33:39.141 I/flutter (30508): [LOCATION REQUEST] {"buildingId":1,"gps":{"latitude":33.9251574,"longitude":75.0201849,"accuracy":14.243000030517578,"speed":1.3336942195892334},"heading":121.11136627197266,"beacons":[]}
07-03 15:33:39.468 I/flutter (30508): [LOCATION RESPONSE] x=0.0 y=0.0 floor=-1 confidence=0.0 nearestNode= snappedX=null snappedY=null isIndoor=false
07-03 15:33:40.100 I/flutter (30508): [POLL] tick (Δ=1000ms)
07-03 15:33:40.141 I/flutter (30508): AUTO-TRANSITION eval=notOutdoor hits=0 dist=35.1 rssi=null
07-03 15:33:40.142 I/flutter (30508): [LOCATION REQUEST] {"buildingId":1,"gps":{"latitude":33.9251574,"longitude":75.0201849,"accuracy":14.243000030517578,"speed":1.3336942195892334},"heading":121.11136627197266,"beacons":[]}
07-03 15:33:41.099 I/flutter (30508): [POLL] tick (Δ=999ms)
07-03 15:33:41.137 I/flutter (30508): AUTO-TRANSITION eval=notOutdoor hits=0 dist=33.3 rssi=null
07-03 15:33:41.138 I/flutter (30508): [LOCATION REQUEST] {"buildingId":1,"gps":{"latitude":33.9251736,"longitude":75.0202029,"accuracy":15.109000205993652,"speed":0.14890947937965393},"heading":47.17695617675781,"beacons":[]}
07-03 15:33:42.100 I/flutter (30508): [POLL] tick (Δ=1000ms)
07-03 15:33:42.139 I/flutter (30508): AUTO-TRANSITION eval=notOutdoor hits=0 dist=33.3 rssi=null
07-03 15:33:42.139 I/flutter (30508): [LOCATION REQUEST] {"buildingId":1,"gps":{"latitude":33.9251736,"longitude":75.0202029,"accuracy":15.109000205993652,"speed":0.14890947937965393},"heading":47.17695617675781,"beacons":[]}
07-03 15:33:43.100 I/flutter (30508): [POLL] tick (Δ=1000ms)
07-03 15:33:43.133 I/flutter (30508): AUTO-TRANSITION eval=notOutdoor hits=0 dist=33.3 rssi=null
07-03 15:33:43.133 I/flutter (30508): [LOCATION REQUEST] {"buildingId":1,"gps":{"latitude":33.9251736,"longitude":75.0202029,"accuracy":15.109000205993652,"speed":0.14890947937965393},"heading":47.17695617675781,"beacons":[]}
07-03 15:33:44.101 I/flutter (30508): [POLL] tick (Δ=1000ms)
07-03 15:33:44.146 I/flutter (30508): AUTO-TRANSITION eval=notOutdoor hits=0 dist=30.7 rssi=null
07-03 15:33:44.147 I/flutter (30508): [LOCATION REQUEST] {"buildingId":1,"gps":{"latitude":33.9251972,"longitude":75.0202001,"accuracy":15.307000160217285,"speed":0.1484973281621933},"heading":76.02938842773438,"beacons":[]}
07-03 15:33:44.560 I/flutter (30508): [LOCATION RESPONSE] x=0.0 y=0.0 floor=-1 confidence=0.0 nearestNode= snappedX=null snappedY=null isIndoor=false
07-03 15:33:44.562 I/flutter (30508): [LOCATION RESPONSE] x=0.0 y=0.0 floor=-1 confidence=0.0 nearestNode= snappedX=null snappedY=null isIndoor=false
07-03 15:33:44.927 I/flutter (30508): [LOCATION RESPONSE] x=0.0 y=0.0 floor=-1 confidence=0.0 nearestNode= snappedX=null snappedY=null isIndoor=false
07-03 15:33:45.111 I/flutter (30508): [POLL] tick (Δ=1010ms)
07-03 15:33:45.160 I/flutter (30508): AUTO-TRANSITION eval=notOutdoor hits=0 dist=30.7 rssi=null
07-03 15:33:45.160 I/flutter (30508): [LOCATION REQUEST] {"buildingId":1,"gps":{"latitude":33.9251972,"longitude":75.0202001,"accuracy":15.307000160217285,"speed":0.1484973281621933},"heading":76.02938842773438,"beacons":[]}
07-03 15:33:46.102 I/flutter (30508): [POLL] tick (Δ=989ms)
07-03 15:33:46.180 I/flutter (30508): AUTO-TRANSITION eval=notOutdoor hits=0 dist=29.7 rssi=null
07-03 15:33:46.180 I/flutter (30508): [LOCATION REQUEST] {"buildingId":1,"gps":{"latitude":33.9252059,"longitude":75.0202068,"accuracy":15.442999839782715,"speed":0.1409626603126526},"heading":43.3845100402832,"beacons":[]}
07-03 15:33:46.186 I/flutter (30508): [LOCATION RESPONSE] x=0.0 y=0.0 floor=-1 confidence=0.0 nearestNode= snappedX=null snappedY=null isIndoor=false
07-03 15:33:46.386 I/flutter (30508): [LOCATION RESPONSE] x=0.0 y=0.0 floor=-1 confidence=0.0 nearestNode= snappedX=null snappedY=null isIndoor=false
07-03 15:33:46.626 I/flutter (30508): [LOCATION RESPONSE] x=0.0 y=0.0 floor=-1 confidence=0.0 nearestNode= snappedX=null snappedY=null isIndoor=false
07-03 15:33:47.100 I/flutter (30508): [POLL] tick (Δ=999ms)
07-03 15:33:47.138 I/flutter (30508): AUTO-TRANSITION eval=notOutdoor hits=0 dist=29.7 rssi=null
07-03 15:33:47.139 I/flutter (30508): [LOCATION REQUEST] {"buildingId":1,"gps":{"latitude":33.9252059,"longitude":75.0202068,"accuracy":15.442999839782715,"speed":0.1409626603126526},"heading":43.3845100402832,"beacons":[]}
07-03 15:33:47.864 I/flutter (30508): [LOCATION RESPONSE] x=0.0 y=0.0 floor=-1 confidence=0.0 nearestNode= snappedX=null snappedY=null isIndoor=false
07-03 15:33:47.866 I/flutter (30508): [LOCATION RESPONSE] x=0.0 y=0.0 floor=-1 confidence=0.0 nearestNode= snappedX=null snappedY=null isIndoor=false
07-03 15:33:48.100 I/flutter (30508): [POLL] tick (Δ=999ms)
07-03 15:33:48.180 I/flutter (30508): AUTO-TRANSITION eval=notOutdoor hits=0 dist=29.7 rssi=null
07-03 15:33:48.181 I/flutter (30508): [LOCATION REQUEST] {"buildingId":1,"gps":{"latitude":33.9252059,"longitude":75.0202068,"accuracy":15.442999839782715,"speed":0.1409626603126526},"heading":43.3845100402832,"beacons":[]}
07-03 15:33:49.089 I/flutter (30508): [LOCATION RESPONSE] x=0.0 y=0.0 floor=-1 confidence=0.0 nearestNode= snappedX=null snappedY=null isIndoor=false
07-03 15:33:49.099 I/flutter (30508): [POLL] tick (Δ=999ms)
07-03 15:33:49.152 I/flutter (30508): AUTO-TRANSITION eval=notOutdoor hits=0 dist=29.7 rssi=null
07-03 15:33:49.153 I/flutter (30508): [LOCATION REQUEST] {"buildingId":1,"gps":{"latitude":33.9252059,"longitude":75.0202068,"accuracy":15.442999839782715,"speed":0.1409626603126526},"heading":43.3845100402832,"beacons":[]}
07-03 15:33:49.760 I/flutter (30508): [LOCATION RESPONSE] x=0.0 y=0.0 floor=-1 confidence=0.0 nearestNode= snappedX=null snappedY=null isIndoor=false
07-03 15:33:50.100 I/flutter (30508): [POLL] tick (Δ=1000ms)
07-03 15:33:50.151 I/flutter (30508): AUTO-TRANSITION eval=notOutdoor hits=0 dist=27.8 rssi=null
07-03 15:33:50.152 I/flutter (30508): [LOCATION REQUEST] {"buildingId":1,"gps":{"latitude":33.9252229,"longitude":75.020196,"accuracy":13.994000434875488,"speed":0.035097453743219376},"heading":0.0,"beacons":[]}
07-03 15:33:50.591 I/flutter (30508): [LOCATION RESPONSE] x=0.0 y=0.0 floor=-1 confidence=0.0 nearestNode= snappedX=null snappedY=null isIndoor=false
07-03 15:33:51.100 I/flutter (30508): [POLL] tick (Δ=1000ms)
07-03 15:33:51.121 I/flutter (30508): AUTO-TRANSITION eval=notOutdoor hits=0 dist=27.6 rssi=null
07-03 15:33:51.121 I/flutter (30508): [LOCATION REQUEST] {"buildingId":1,"gps":{"latitude":33.9252248,"longitude":75.020194,"accuracy":13.54800033569336,"speed":0.035497330129146576},"heading":0.0,"beacons":[]}
07-03 15:33:51.648 I/flutter (30508): [LOCATION RESPONSE] x=0.0 y=0.0 floor=-1 confidence=0.0 nearestNode= snappedX=null snappedY=null isIndoor=false
07-03 15:33:52.102 I/flutter (30508): [POLL] tick (Δ=1000ms)
07-03 15:33:52.164 I/flutter (30508): AUTO-TRANSITION eval=notOutdoor hits=0 dist=27.6 rssi=null
07-03 15:33:52.166 I/flutter (30508): [LOCATION REQUEST] {"buildingId":1,"gps":{"latitude":33.9252248,"longitude":75.020194,"accuracy":13.54800033569336,"speed":0.035497330129146576},"heading":0.0,"beacons":[]}
07-03 15:33:52.573 I/flutter (30508): [LOCATION RESPONSE] x=0.0 y=0.0 floor=-1 confidence=0.0 nearestNode= snappedX=null snappedY=null isIndoor=false
07-03 15:33:53.103 I/flutter (30508): [POLL] tick (Δ=1000ms)
07-03 15:33:53.164 I/flutter (30508): AUTO-TRANSITION eval=notOutdoor hits=0 dist=27.6 rssi=null
07-03 15:33:53.166 I/flutter (30508): [LOCATION REQUEST] {"buildingId":1,"gps":{"latitude":33.9252248,"longitude":75.020194,"accuracy":13.54800033569336,"speed":0.035497330129146576},"heading":0.0,"beacons":[]}
07-03 15:33:53.686 I/flutter (30508): [LOCATION RESPONSE] x=0.0 y=0.0 floor=-1 confidence=0.0 nearestNode= snappedX=null snappedY=null isIndoor=false
07-03 15:33:54.101 I/flutter (30508): [POLL] tick (Δ=998ms)
07-03 15:33:54.166 I/flutter (30508): AUTO-TRANSITION eval=notOutdoor hits=0 dist=27.1 rssi=null
07-03 15:33:54.168 I/flutter (30508): [LOCATION REQUEST] {"buildingId":1,"gps":{"latitude":33.9252297,"longitude":75.0201875,"accuracy":12.857000350952148,"speed":0.06588064134120941},"heading":0.0,"beacons":[]}
07-03 15:33:54.608 I/flutter (30508): [LOCATION RESPONSE] x=0.0 y=0.0 floor=-1 confidence=0.0 nearestNode= snappedX=null snappedY=null isIndoor=false
07-03 15:33:55.100 I/flutter (30508): [POLL] tick (Δ=999ms)
07-03 15:33:55.142 I/flutter (30508): AUTO-TRANSITION eval=notOutdoor hits=0 dist=27.1 rssi=null
07-03 15:33:55.143 I/flutter (30508): [LOCATION REQUEST] {"buildingId":1,"gps":{"latitude":33.9252296,"longitude":75.0201879,"accuracy":12.45199966430664,"speed":0.06635412573814392},"heading":0.0,"beacons":[]}
07-03 15:33:55.467 I/flutter (30508): [LOCATION RESPONSE] x=0.0 y=0.0 floor=-1 confidence=0.0 nearestNode= snappedX=null snappedY=null isIndoor=false
07-03 15:33:56.101 I/flutter (30508): [POLL] tick (Δ=1001ms)
07-03 15:33:56.135 I/flutter (30508): AUTO-TRANSITION eval=notOutdoor hits=0 dist=27.7 rssi=null
07-03 15:33:56.135 I/flutter (30508): [LOCATION REQUEST] {"buildingId":1,"gps":{"latitude":33.9252245,"longitude":75.0201893,"accuracy":11.593000411987305,"speed":0.06793861091136932},"heading":0.0,"beacons":[]}
07-03 15:33:56.476 I/flutter (30508): [LOCATION RESPONSE] x=0.0 y=0.0 floor=-1 confidence=0.0 nearestNode= snappedX=null snappedY=null isIndoor=false
07-03 15:33:57.102 I/flutter (30508): [POLL] tick (Δ=1000ms)
07-03 15:33:57.159 I/flutter (30508): AUTO-TRANSITION eval=notOutdoor hits=0 dist=27.7 rssi=null
07-03 15:33:57.161 I/flutter (30508): [LOCATION REQUEST] {"buildingId":1,"gps":{"latitude":33.9252245,"longitude":75.0201893,"accuracy":11.593000411987305,"speed":0.06793861091136932},"heading":0.0,"beacons":[]}
07-03 15:33:57.676 I/flutter (30508): [LOCATION RESPONSE] x=0.0 y=0.0 floor=-1 confidence=0.0 nearestNode= snappedX=null snappedY=null isIndoor=false
07-03 15:33:58.101 I/flutter (30508): [POLL] tick (Δ=999ms)
07-03 15:33:58.164 I/flutter (30508): AUTO-TRANSITION eval=notOutdoor hits=0 dist=27.7 rssi=null
07-03 15:33:58.165 I/flutter (30508): [LOCATION REQUEST] {"buildingId":1,"gps":{"latitude":33.9252245,"longitude":75.0201893,"accuracy":11.593000411987305,"speed":0.06793861091136932},"heading":0.0,"beacons":[]}
07-03 15:33:58.739 I/flutter (30508): [LOCATION RESPONSE] x=0.0 y=0.0 floor=-1 confidence=0.0 nearestNode= snappedX=null snappedY=null isIndoor=false
07-03 15:33:59.101 I/flutter (30508): [POLL] tick (Δ=999ms)
07-03 15:33:59.158 I/flutter (30508): AUTO-TRANSITION eval=notOutdoor hits=0 dist=27.7 rssi=null
07-03 15:33:59.159 I/flutter (30508): [LOCATION REQUEST] {"buildingId":1,"gps":{"latitude":33.9252245,"longitude":75.0201893,"accuracy":11.593000411987305,"speed":0.06793861091136932},"heading":0.0,"beacons":[]}
07-03 15:33:59.520 I/flutter (30508): [LOCATION RESPONSE] x=0.0 y=0.0 floor=-1 confidence=0.0 nearestNode= snappedX=null snappedY=null isIndoor=false
07-03 15:34:00.101 I/flutter (30508): [POLL] tick (Δ=1000ms)
07-03 15:34:00.147 I/flutter (30508): AUTO-TRANSITION eval=notOutdoor hits=0 dist=27.7 rssi=null
07-03 15:34:00.147 I/flutter (30508): [LOCATION REQUEST] {"buildingId":1,"gps":{"latitude":33.9252245,"longitude":75.0201893,"accuracy":11.593000411987305,"speed":0.06793861091136932},"heading":0.0,"beacons":[]}
07-03 15:34:00.475 I/flutter (30508): [LOCATION RESPONSE] x=0.0 y=0.0 floor=-1 confidence=0.0 nearestNode= snappedX=null snappedY=null isIndoor=false
07-03 15:34:01.101 I/flutter (30508): [POLL] tick (Δ=999ms)
07-03 15:34:01.160 I/flutter (30508): AUTO-TRANSITION eval=notOutdoor hits=0 dist=28.7 rssi=null
07-03 15:34:01.161 I/flutter (30508): [LOCATION REQUEST] {"buildingId":1,"gps":{"latitude":33.9252152,"longitude":75.0201873,"accuracy":9.230999946594238,"speed":0.5828708410263062},"heading":129.8668212890625,"beacons":[]}
07-03 15:34:01.624 I/flutter (30508): [LOCATION RESPONSE] x=0.0 y=0.0 floor=-1 confidence=0.0 nearestNode= snappedX=null snappedY=null isIndoor=false
07-03 15:34:02.102 I/flutter (30508): [POLL] tick (Δ=1000ms)
07-03 15:34:02.159 I/flutter (30508): AUTO-TRANSITION eval=notOutdoor hits=0 dist=28.7 rssi=null
07-03 15:34:02.160 I/flutter (30508): [LOCATION REQUEST] {"buildingId":1,"gps":{"latitude":33.9252152,"longitude":75.0201873,"accuracy":9.230999946594238,"speed":0.5828708410263062},"heading":129.8668212890625,"beacons":[]}
07-03 15:34:02.751 I/flutter (30508): [LOCATION RESPONSE] x=0.0 y=0.0 floor=-1 confidence=0.0 nearestNode= snappedX=null snappedY=null isIndoor=false
07-03 15:34:03.101 I/flutter (30508): [POLL] tick (Δ=999ms)
07-03 15:34:03.163 I/flutter (30508): AUTO-TRANSITION eval=notOutdoor hits=0 dist=28.7 rssi=null
07-03 15:34:03.164 I/flutter (30508): [LOCATION REQUEST] {"buildingId":1,"gps":{"latitude":33.9252152,"longitude":75.0201873,"accuracy":9.230999946594238,"speed":0.5828708410263062},"heading":129.8668212890625,"beacons":[]}
07-03 15:34:03.658 I/flutter (30508): [LOCATION RESPONSE] x=0.0 y=0.0 floor=-1 confidence=0.0 nearestNode= snappedX=null snappedY=null isIndoor=false
07-03 15:34:04.101 I/flutter (30508): [POLL] tick (Δ=999ms)
07-03 15:34:04.166 I/flutter (30508): AUTO-TRANSITION eval=notOutdoor hits=0 dist=28.7 rssi=null
07-03 15:34:04.167 I/flutter (30508): [LOCATION REQUEST] {"buildingId":1,"gps":{"latitude":33.9252152,"longitude":75.0201873,"accuracy":9.230999946594238,"speed":0.5828708410263062},"heading":129.8668212890625,"beacons":[]}
07-03 15:34:04.581 I/flutter (30508): [LOCATION RESPONSE] x=0.0 y=0.0 floor=-1 confidence=0.0 nearestNode= snappedX=null snappedY=null isIndoor=false
07-03 15:34:05.104 I/flutter (30508): [POLL] tick (Δ=1002ms)
07-03 15:34:05.169 I/flutter (30508): AUTO-TRANSITION eval=notOutdoor hits=0 dist=29.0 rssi=null
07-03 15:34:05.171 I/flutter (30508): [LOCATION REQUEST] {"buildingId":1,"gps":{"latitude":33.9252127,"longitude":75.0201904,"accuracy":9.463000297546387,"speed":0.5861886739730835},"heading":105.71453094482422,"beacons":[]}
07-03 15:34:05.545 I/flutter (30508): [LOCATION RESPONSE] x=0.0 y=0.0 floor=-1 confidence=0.0 nearestNode= snappedX=null snappedY=null isIndoor=false
07-03 15:34:06.101 I/flutter (30508): [POLL] tick (Δ=997ms)
07-03 15:34:06.160 I/flutter (30508): AUTO-TRANSITION eval=notOutdoor hits=0 dist=28.9 rssi=null
07-03 15:34:06.162 I/flutter (30508): [LOCATION REQUEST] {"buildingId":1,"gps":{"latitude":33.9252136,"longitude":75.0201974,"accuracy":7.995999813079834,"speed":0.7765398025512695},"heading":49.59696960449219,"beacons":[]}
07-03 15:34:06.521 I/flutter (30508): [LOCATION RESPONSE] x=0.0 y=0.0 floor=-1 confidence=0.0 nearestNode= snappedX=null snappedY=null isIndoor=false
07-03 15:34:07.101 I/flutter (30508): [POLL] tick (Δ=1000ms)
07-03 15:34:07.167 I/flutter (30508): AUTO-TRANSITION eval=notOutdoor hits=0 dist=28.9 rssi=null
07-03 15:34:07.168 I/flutter (30508): [LOCATION REQUEST] {"buildingId":1,"gps":{"latitude":33.9252136,"longitude":75.0201974,"accuracy":7.995999813079834,"speed":0.7765398025512695},"heading":49.59696960449219,"beacons":[]}
07-03 15:34:07.630 I/flutter (30508): [LOCATION RESPONSE] x=0.0 y=0.0 floor=-1 confidence=0.0 nearestNode= snappedX=null snappedY=null isIndoor=false
07-03 15:34:08.100 I/flutter (30508): [POLL] tick (Δ=999ms)
07-03 15:34:08.147 I/flutter (30508): AUTO-TRANSITION eval=notOutdoor hits=0 dist=28.9 rssi=null
07-03 15:34:08.148 I/flutter (30508): [LOCATION REQUEST] {"buildingId":1,"gps":{"latitude":33.9252136,"longitude":75.0201974,"accuracy":7.995999813079834,"speed":0.7765398025512695},"heading":49.59696960449219,"beacons":[]}
07-03 15:34:08.449 I/flutter (30508): [LOCATION RESPONSE] x=0.0 y=0.0 floor=-1 confidence=0.0 nearestNode= snappedX=null snappedY=null isIndoor=false
07-03 15:34:09.101 I/flutter (30508): [POLL] tick (Δ=1000ms)
07-03 15:34:09.140 I/flutter (30508): AUTO-TRANSITION eval=notOutdoor hits=0 dist=28.9 rssi=null
07-03 15:34:09.142 I/flutter (30508): [LOCATION REQUEST] {"buildingId":1,"gps":{"latitude":33.9252136,"longitude":75.0201974,"accuracy":7.995999813079834,"speed":0.7765398025512695},"heading":49.59696960449219,"beacons":[]}
07-03 15:34:09.496 I/flutter (30508): [LOCATION RESPONSE] x=0.0 y=0.0 floor=-1 confidence=0.0 nearestNode= snappedX=null snappedY=null isIndoor=false
07-03 15:34:10.100 I/flutter (30508): [POLL] tick (Δ=999ms)
07-03 15:34:10.152 I/flutter (30508): AUTO-TRANSITION eval=notOutdoor hits=0 dist=28.9 rssi=null
07-03 15:34:10.153 I/flutter (30508): [LOCATION REQUEST] {"buildingId":1,"gps":{"latitude":33.9252136,"longitude":75.0201974,"accuracy":7.995999813079834,"speed":0.7765398025512695},"heading":49.59696960449219,"beacons":[]}
07-03 15:34:10.649 I/flutter (30508): [LOCATION RESPONSE] x=0.0 y=0.0 floor=-1 confidence=0.0 nearestNode= snappedX=null snappedY=null isIndoor=false
07-03 15:34:11.099 I/flutter (30508): [POLL] tick (Δ=998ms)
07-03 15:34:11.125 I/flutter (30508): AUTO-TRANSITION eval=notOutdoor hits=0 dist=28.0 rssi=null
07-03 15:34:11.126 I/flutter (30508): [LOCATION REQUEST] {"buildingId":1,"gps":{"latitude":33.9252213,"longitude":75.0202049,"accuracy":10.03499984741211,"speed":0.7786974310874939},"heading":63.40550231933594,"beacons":[]}
07-03 15:34:11.553 I/flutter (30508): [LOCATION RESPONSE] x=0.0 y=0.0 floor=-1 confidence=0.0 nearestNode= snappedX=null snappedY=null isIndoor=false
07-03 15:34:12.099 I/flutter (30508): [POLL] tick (Δ=999ms)
07-03 15:34:12.123 I/flutter (30508): AUTO-TRANSITION eval=notOutdoor hits=0 dist=28.0 rssi=null
07-03 15:34:12.124 I/flutter (30508): [LOCATION REQUEST] {"buildingId":1,"gps":{"latitude":33.9252213,"longitude":75.0202049,"accuracy":10.03499984741211,"speed":0.7786974310874939},"heading":63.40550231933594,"beacons":[]}
07-03 15:34:12.663 I/flutter (30508): [LOCATION RESPONSE] x=0.0 y=0.0 floor=-1 confidence=0.0 nearestNode= snappedX=null snappedY=null isIndoor=false
07-03 15:34:13.099 I/flutter (30508): [POLL] tick (Δ=1000ms)
07-03 15:34:13.139 I/flutter (30508): AUTO-TRANSITION eval=notOutdoor hits=0 dist=28.0 rssi=null
07-03 15:34:13.139 I/flutter (30508): [LOCATION REQUEST] {"buildingId":1,"gps":{"latitude":33.9252213,"longitude":75.0202049,"accuracy":10.03499984741211,"speed":0.7786974310874939},"heading":63.40550231933594,"beacons":[]}
07-03 15:34:13.576 I/flutter (30508): [LOCATION RESPONSE] x=0.0 y=0.0 floor=-1 confidence=0.0 nearestNode= snappedX=null snappedY=null isIndoor=false
07-03 15:34:14.102 I/flutter (30508): [POLL] tick (Δ=1002ms)
07-03 15:34:14.133 I/flutter (30508): AUTO-TRANSITION eval=notOutdoor hits=0 dist=28.0 rssi=null
07-03 15:34:14.133 I/flutter (30508): [LOCATION REQUEST] {"buildingId":1,"gps":{"latitude":33.9252213,"longitude":75.0202049,"accuracy":10.03499984741211,"speed":0.7786974310874939},"heading":63.40550231933594,"beacons":[]}
07-03 15:34:14.508 I/flutter (30508): [LOCATION RESPONSE] x=0.0 y=0.0 floor=-1 confidence=0.0 nearestNode= snappedX=null snappedY=null isIndoor=false
07-03 15:34:15.101 I/flutter (30508): [POLL] tick (Δ=999ms)
07-03 15:34:15.142 I/flutter (30508): AUTO-TRANSITION eval=notOutdoor hits=0 dist=27.3 rssi=null
07-03 15:34:15.142 I/flutter (30508): [LOCATION REQUEST] {"buildingId":1,"gps":{"latitude":33.9252277,"longitude":75.0201916,"accuracy":9.531999588012695,"speed":0.03859880566596985},"heading":0.0,"beacons":[]}
07-03 15:34:15.475 I/flutter (30508): [LOCATION RESPONSE] x=0.0 y=0.0 floor=-1 confidence=0.0 nearestNode= snappedX=null snappedY=null isIndoor=false
07-03 15:34:16.100 I/flutter (30508): [POLL] tick (Δ=999ms)
07-03 15:34:16.148 I/flutter (30508): AUTO-TRANSITION eval=notOutdoor hits=0 dist=26.6 rssi=null
07-03 15:34:16.149 I/flutter (30508): [LOCATION REQUEST] {"buildingId":1,"gps":{"latitude":33.9252348,"longitude":75.0201768,"accuracy":9.777000427246094,"speed":0.03811755031347275},"heading":0.0,"beacons":[]}
07-03 15:34:16.520 I/flutter (30508): [LOCATION RESPONSE] x=0.0 y=0.0 floor=-1 confidence=0.0 nearestNode= snappedX=null snappedY=null isIndoor=false
07-03 15:34:17.103 I/flutter (30508): [POLL] tick (Δ=1002ms)
07-03 15:34:17.171 I/flutter (30508): AUTO-TRANSITION eval=notOutdoor hits=0 dist=26.6 rssi=null
07-03 15:34:17.173 I/flutter (30508): [LOCATION REQUEST] {"buildingId":1,"gps":{"latitude":33.9252348,"longitude":75.0201768,"accuracy":9.777000427246094,"speed":0.03811755031347275},"heading":0.0,"beacons":[]}
07-03 15:34:17.495 I/flutter (30508): [LOCATION RESPONSE] x=0.0 y=0.0 floor=-1 confidence=0.0 nearestNode= snappedX=null snappedY=null isIndoor=false
07-03 15:34:18.102 I/flutter (30508): [POLL] tick (Δ=997ms)
07-03 15:34:18.167 I/flutter (30508): AUTO-TRANSITION eval=notOutdoor hits=0 dist=26.6 rssi=null
07-03 15:34:18.169 I/flutter (30508): [LOCATION REQUEST] {"buildingId":1,"gps":{"latitude":33.9252348,"longitude":75.0201768,"accuracy":9.777000427246094,"speed":0.03811755031347275},"heading":0.0,"beacons":[]}
07-03 15:34:18.492 I/flutter (30508): [LOCATION RESPONSE] x=0.0 y=0.0 floor=-1 confidence=0.0 nearestNode= snappedX=null snappedY=null isIndoor=false
07-03 15:34:19.099 I/flutter (30508): [POLL] tick (Δ=998ms)
07-03 15:34:19.122 I/flutter (30508): AUTO-TRANSITION eval=notOutdoor hits=0 dist=26.6 rssi=null
07-03 15:34:19.122 I/flutter (30508): [LOCATION REQUEST] {"buildingId":1,"gps":{"latitude":33.9252348,"longitude":75.0201768,"accuracy":9.777000427246094,"speed":0.03811755031347275},"heading":0.0,"beacons":[]}
07-03 15:34:19.544 I/flutter (30508): [LOCATION RESPONSE] x=0.0 y=0.0 floor=-1 confidence=0.0 nearestNode= snappedX=null snappedY=null isIndoor=false
07-03 15:34:20.101 I/flutter (30508): [POLL] tick (Δ=1001ms)
07-03 15:34:20.158 I/flutter (30508): AUTO-TRANSITION eval=notOutdoor hits=0 dist=26.6 rssi=null
07-03 15:34:20.159 I/flutter (30508): [LOCATION REQUEST] {"buildingId":1,"gps":{"latitude":33.9252348,"longitude":75.0201768,"accuracy":9.777000427246094,"speed":0.03811755031347275},"heading":0.0,"beacons":[]}
07-03 15:34:20.474 I/flutter (30508): [LOCATION RESPONSE] x=0.0 y=0.0 floor=-1 confidence=0.0 nearestNode= snappedX=null snappedY=null isIndoor=false
07-03 15:34:21.100 I/flutter (30508): [POLL] tick (Δ=999ms)
07-03 15:34:21.150 I/flutter (30508): AUTO-TRANSITION eval=notOutdoor hits=0 dist=26.7 rssi=null
07-03 15:34:21.151 I/flutter (30508): [LOCATION REQUEST] {"buildingId":1,"gps":{"latitude":33.9252344,"longitude":75.0201703,"accuracy":6.960999965667725,"speed":0.026443995535373688},"heading":0.0,"beacons":[]}
07-03 15:34:21.591 I/flutter (30508): [LOCATION RESPONSE] x=0.0 y=0.0 floor=-1 confidence=0.0 nearestNode= snappedX=null snappedY=null isIndoor=false
07-03 15:34:22.103 I/flutter (30508): [POLL] tick (Δ=1002ms)
07-03 15:34:22.159 I/flutter (30508): AUTO-TRANSITION eval=notOutdoor hits=0 dist=26.7 rssi=null
07-03 15:34:22.160 I/flutter (30508): [LOCATION REQUEST] {"buildingId":1,"gps":{"latitude":33.9252344,"longitude":75.0201703,"accuracy":6.960999965667725,"speed":0.026443995535373688},"heading":0.0,"beacons":[]}
07-03 15:34:22.740 I/flutter (30508): [LOCATION RESPONSE] x=0.0 y=0.0 floor=-1 confidence=0.0 nearestNode= snappedX=null snappedY=null isIndoor=false
07-03 15:34:23.101 I/flutter (30508): [POLL] tick (Δ=998ms)
07-03 15:34:23.163 I/flutter (30508): AUTO-TRANSITION eval=notOutdoor hits=0 dist=26.7 rssi=null
07-03 15:34:23.164 I/flutter (30508): [LOCATION REQUEST] {"buildingId":1,"gps":{"latitude":33.9252344,"longitude":75.0201703,"accuracy":6.960999965667725,"speed":0.026443995535373688},"heading":0.0,"beacons":[]}
07-03 15:34:23.634 I/flutter (30508): [LOCATION RESPONSE] x=0.0 y=0.0 floor=-1 confidence=0.0 nearestNode= snappedX=null snappedY=null isIndoor=false
07-03 15:34:24.101 I/flutter (30508): [POLL] tick (Δ=999ms)
07-03 15:34:24.165 I/flutter (30508): AUTO-TRANSITION eval=notOutdoor hits=0 dist=26.7 rssi=null
07-03 15:34:24.166 I/flutter (30508): [LOCATION REQUEST] {"buildingId":1,"gps":{"latitude":33.9252344,"longitude":75.0201703,"accuracy":6.960999965667725,"speed":0.026443995535373688},"heading":0.0,"beacons":[]}
07-03 15:34:24.534 I/flutter (30508): [LOCATION RESPONSE] x=0.0 y=0.0 floor=-1 confidence=0.0 nearestNode= snappedX=null snappedY=null isIndoor=false
07-03 15:34:25.102 I/flutter (30508): [POLL] tick (Δ=1000ms)
07-03 15:34:25.148 I/flutter (30508): AUTO-TRANSITION eval=notOutdoor hits=0 dist=26.8 rssi=null
07-03 15:34:25.150 I/flutter (30508): [LOCATION REQUEST] {"buildingId":1,"gps":{"latitude":33.9252339,"longitude":75.0201658,"accuracy":5.9019999504089355,"speed":0.0644674003124237},"heading":0.0,"beacons":[]}
07-03 15:34:26.049 I/flutter (30508): [LOCATION RESPONSE] x=0.0 y=0.0 floor=-1 confidence=0.0 nearestNode= snappedX=null snappedY=null isIndoor=false
07-03 15:34:26.099 I/flutter (30508): [POLL] tick (Δ=998ms)
07-03 15:34:26.134 I/flutter (30508): AUTO-TRANSITION eval=notOutdoor hits=0 dist=26.9 rssi=null
07-03 15:34:26.135 I/flutter (30508): [LOCATION REQUEST] {"buildingId":1,"gps":{"latitude":33.9252335,"longitude":75.0201649,"accuracy":5.75,"speed":0.10547146201133728},"heading":275.6358337402344,"beacons":[]}
07-03 15:34:26.411 I/flutter (30508): [LOCATION RESPONSE] x=0.0 y=0.0 floor=-1 confidence=0.0 nearestNode= snappedX=null snappedY=null isIndoor=false
07-03 15:34:27.100 I/flutter (30508): [POLL] tick (Δ=1000ms)
07-03 15:34:27.149 I/flutter (30508): AUTO-TRANSITION eval=notOutdoor hits=0 dist=26.9 rssi=null
07-03 15:34:27.150 I/flutter (30508): [LOCATION REQUEST] {"buildingId":1,"gps":{"latitude":33.9252335,"longitude":75.0201649,"accuracy":5.75,"speed":0.10547146201133728},"heading":275.6358337402344,"beacons":[]}
07-03 15:34:27.492 I/flutter (30508): [LOCATION RESPONSE] x=0.0 y=0.0 floor=-1 confidence=0.0 nearestNode= snappedX=null snappedY=null isIndoor=false
07-03 15:34:28.101 I/flutter (30508): [POLL] tick (Δ=1000ms)
07-03 15:34:28.160 I/flutter (30508): AUTO-TRANSITION eval=notOutdoor hits=0 dist=26.9 rssi=null
07-03 15:34:28.162 I/flutter (30508): [LOCATION REQUEST] {"buildingId":1,"gps":{"latitude":33.9252335,"longitude":75.0201649,"accuracy":5.75,"speed":0.10547146201133728},"heading":275.6358337402344,"beacons":[]}
07-03 15:34:28.470 I/flutter (30508): [LOCATION RESPONSE] x=0.0 y=0.0 floor=-1 confidence=0.0 nearestNode= snappedX=null snappedY=null isIndoor=false
07-03 15:34:29.101 I/flutter (30508): [POLL] tick (Δ=1000ms)
07-03 15:34:29.161 I/flutter (30508): AUTO-TRANSITION eval=notOutdoor hits=0 dist=26.9 rssi=null
07-03 15:34:29.163 I/flutter (30508): [LOCATION REQUEST] {"buildingId":1,"gps":{"latitude":33.9252335,"longitude":75.0201649,"accuracy":5.75,"speed":0.10547146201133728},"heading":275.6358337402344,"beacons":[]}
07-03 15:34:29.483 I/flutter (30508): [LOCATION RESPONSE] x=0.0 y=0.0 floor=-1 confidence=0.0 nearestNode= snappedX=null snappedY=null isIndoor=false
07-03 15:34:30.101 I/flutter (30508): [POLL] tick (Δ=999ms)
07-03 15:34:30.149 I/flutter (30508): AUTO-TRANSITION eval=notOutdoor hits=0 dist=26.9 rssi=null
07-03 15:34:30.150 I/flutter (30508): [LOCATION REQUEST] {"buildingId":1,"gps":{"latitude":33.9252335,"longitude":75.0201649,"accuracy":5.75,"speed":0.10547146201133728},"heading":275.6358337402344,"beacons":[]}
07-03 15:34:30.478 I/flutter (30508): [LOCATION RESPONSE] x=0.0 y=0.0 floor=-1 confidence=0.0 nearestNode= snappedX=null snappedY=null isIndoor=false
07-03 15:34:31.101 I/flutter (30508): [POLL] tick (Δ=1000ms)
07-03 15:34:31.139 I/flutter (30508): AUTO-TRANSITION eval=notOutdoor hits=0 dist=26.7 rssi=null
07-03 15:34:31.140 I/flutter (30508): [LOCATION REQUEST] {"buildingId":1,"gps":{"latitude":33.9252352,"longitude":75.0201626,"accuracy":5.330999851226807,"speed":0.6915317177772522},"heading":290.39617919921875,"beacons":[]}
07-03 15:34:31.727 I/flutter (30508): [LOCATION RESPONSE] x=0.0 y=0.0 floor=-1 confidence=0.0 nearestNode= snappedX=null snappedY=null isIndoor=false
07-03 15:34:32.099 I/flutter (30508): [POLL] tick (Δ=998ms)
07-03 15:34:32.140 I/flutter (30508): AUTO-TRANSITION eval=notOutdoor hits=0 dist=26.7 rssi=null
07-03 15:34:32.140 I/flutter (30508): [LOCATION REQUEST] {"buildingId":1,"gps":{"latitude":33.9252352,"longitude":75.0201626,"accuracy":5.330999851226807,"speed":0.6915317177772522},"heading":290.39617919921875,"beacons":[]}
07-03 15:34:32.636 I/flutter (30508): [LOCATION RESPONSE] x=0.0 y=0.0 floor=-1 confidence=0.0 nearestNode= snappedX=null snappedY=null isIndoor=false
07-03 15:34:33.102 I/flutter (30508): [POLL] tick (Δ=1001ms)
07-03 15:34:33.153 I/flutter (30508): AUTO-TRANSITION eval=notOutdoor hits=0 dist=26.7 rssi=null
07-03 15:34:33.154 I/flutter (30508): [LOCATION REQUEST] {"buildingId":1,"gps":{"latitude":33.9252352,"longitude":75.0201626,"accuracy":5.330999851226807,"speed":0.6915317177772522},"heading":290.39617919921875,"beacons":[]}
07-03 15:34:33.782 I/flutter (30508): [LOCATION RESPONSE] x=0.0 y=0.0 floor=-1 confidence=0.0 nearestNode= snappedX=null snappedY=null isIndoor=false
07-03 15:34:34.100 I/flutter (30508): [POLL] tick (Δ=998ms)
07-03 15:34:34.148 I/flutter (30508): AUTO-TRANSITION eval=notOutdoor hits=0 dist=26.7 rssi=null
07-03 15:34:34.150 I/flutter (30508): [LOCATION REQUEST] {"buildingId":1,"gps":{"latitude":33.9252352,"longitude":75.0201626,"accuracy":5.330999851226807,"speed":0.6915317177772522},"heading":290.39617919921875,"beacons":[]}
07-03 15:34:34.502 I/flutter (30508): [LOCATION RESPONSE] x=0.0 y=0.0 floor=-1 confidence=0.0 nearestNode= snappedX=null snappedY=null isIndoor=false
07-03 15:34:35.101 I/flutter (30508): [POLL] tick (Δ=1000ms)
07-03 15:34:35.154 I/flutter (30508): AUTO-TRANSITION eval=notOutdoor hits=0 dist=26.5 rssi=null
07-03 15:34:35.155 I/flutter (30508): [LOCATION REQUEST] {"buildingId":1,"gps":{"latitude":33.9252375,"longitude":75.0201573,"accuracy":6.993000030517578,"speed":0.6918089985847473},"heading":292.4272155761719,"beacons":[]}
07-03 15:34:35.426 I/flutter (30508): [LOCATION RESPONSE] x=0.0 y=0.0 floor=-1 confidence=0.0 nearestNode= snappedX=null snappedY=null isIndoor=false
07-03 15:34:36.102 I/flutter (30508): [POLL] tick (Δ=1002ms)
07-03 15:34:36.132 I/flutter (30508): AUTO-TRANSITION eval=notOutdoor hits=0 dist=26.3 rssi=null
07-03 15:34:36.133 I/flutter (30508): [LOCATION REQUEST] {"buildingId":1,"gps":{"latitude":33.9252411,"longitude":75.0201475,"accuracy":8.081000328063965,"speed":0.6818074584007263},"heading":292.8867492675781,"beacons":[]}
07-03 15:34:36.448 I/flutter (30508): [LOCATION RESPONSE] x=0.0 y=0.0 floor=-1 confidence=0.0 nearestNode= snappedX=null snappedY=null isIndoor=false
07-03 15:34:37.101 I/flutter (30508): [POLL] tick (Δ=998ms)
07-03 15:34:37.139 I/flutter (30508): AUTO-TRANSITION eval=notOutdoor hits=0 dist=26.5 rssi=null
07-03 15:34:37.140 I/flutter (30508): [LOCATION REQUEST] {"buildingId":1,"gps":{"latitude":33.9252385,"longitude":75.0201509,"accuracy":8.862000465393066,"speed":0.10038754343986511},"heading":270.1476745605469,"beacons":[]}
07-03 15:34:37.459 I/flutter (30508): [LOCATION RESPONSE] x=0.0 y=0.0 floor=-1 confidence=0.0 nearestNode= snappedX=null snappedY=null isIndoor=false
07-03 15:34:38.099 I/flutter (30508): [POLL] tick (Δ=998ms)
07-03 15:34:38.139 I/flutter (30508): AUTO-TRANSITION eval=notOutdoor hits=0 dist=26.6 rssi=null
07-03 15:34:38.140 I/flutter (30508): [LOCATION REQUEST] {"buildingId":1,"gps":{"latitude":33.9252374,"longitude":75.0201526,"accuracy":8.621999740600586,"speed":0.10046353191137314},"heading":270.5769348144531,"beacons":[]}
07-03 15:34:38.458 I/flutter (30508): [LOCATION RESPONSE] x=0.0 y=0.0 floor=-1 confidence=0.0 nearestNode= snappedX=null snappedY=null isIndoor=false
07-03 15:34:39.100 I/flutter (30508): [POLL] tick (Δ=1000ms)
07-03 15:34:39.149 I/flutter (30508): AUTO-TRANSITION eval=notOutdoor hits=0 dist=26.8 rssi=null
07-03 15:34:39.149 I/flutter (30508): [LOCATION REQUEST] {"buildingId":1,"gps":{"latitude":33.9252357,"longitude":75.0201533,"accuracy":8.414999961853027,"speed":0.4929446280002594},"heading":260.451416015625,"beacons":[]}
07-03 15:34:39.432 I/flutter (30508): [LOCATION RESPONSE] x=0.0 y=0.0 floor=-1 confidence=0.0 nearestNode= snappedX=null snappedY=null isIndoor=false
07-03 15:34:40.102 I/flutter (30508): [POLL] tick (Δ=1001ms)
07-03 15:34:40.155 I/flutter (30508): AUTO-TRANSITION eval=notOutdoor hits=0 dist=27.0 rssi=null
07-03 15:34:40.155 I/flutter (30508): [LOCATION REQUEST] {"buildingId":1,"gps":{"latitude":33.9252335,"longitude":75.0201549,"accuracy":8.20300006866455,"speed":0.15295279026031494},"heading":221.40225219726562,"beacons":[]}
07-03 15:34:40.507 I/flutter (30508): [LOCATION RESPONSE] x=0.0 y=0.0 floor=-1 confidence=0.0 nearestNode= snappedX=null snappedY=null isIndoor=false
07-03 15:34:41.102 I/flutter (30508): [POLL] tick (Δ=999ms)
07-03 15:34:41.161 I/flutter (30508): AUTO-TRANSITION eval=notOutdoor hits=0 dist=27.0 rssi=null
07-03 15:34:41.162 I/flutter (30508): [LOCATION REQUEST] {"buildingId":1,"gps":{"latitude":33.9252335,"longitude":75.0201549,"accuracy":8.20300006866455,"speed":0.15295279026031494},"heading":221.40225219726562,"beacons":[]}
07-03 15:34:42.100 I/flutter (30508): [POLL] tick (Δ=999ms)
07-03 15:34:42.157 I/flutter (30508): AUTO-TRANSITION eval=notOutdoor hits=0 dist=27.0 rssi=null
07-03 15:34:42.157 I/flutter (30508): [LOCATION REQUEST] {"buildingId":1,"gps":{"latitude":33.9252335,"longitude":75.0201549,"accuracy":8.20300006866455,"speed":0.15295279026031494},"heading":221.40225219726562,"beacons":[]}
07-03 15:34:42.275 I/flutter (30508): [LOCATION RESPONSE] x=0.0 y=0.0 floor=-1 confidence=0.0 nearestNode= snappedX=null snappedY=null isIndoor=false
07-03 15:34:42.730 I/flutter (30508): [LOCATION RESPONSE] x=0.0 y=0.0 floor=-1 confidence=0.0 nearestNode= snappedX=null snappedY=null isIndoor=false
07-03 15:34:43.102 I/flutter (30508): [POLL] tick (Δ=1001ms)
07-03 15:34:43.155 I/flutter (30508): AUTO-TRANSITION eval=notOutdoor hits=0 dist=27.0 rssi=null
07-03 15:34:43.156 I/flutter (30508): [LOCATION REQUEST] {"buildingId":1,"gps":{"latitude":33.9252335,"longitude":75.0201549,"accuracy":8.20300006866455,"speed":0.15295279026031494},"heading":221.40225219726562,"beacons":[]}
07-03 15:34:43.732 I/flutter (30508): [LOCATION RESPONSE] x=0.0 y=0.0 floor=-1 confidence=0.0 nearestNode= snappedX=null snappedY=null isIndoor=false
07-03 15:34:44.101 I/flutter (30508): [POLL] tick (Δ=998ms)
07-03 15:34:44.152 I/flutter (30508): AUTO-TRANSITION eval=notOutdoor hits=0 dist=27.0 rssi=null
07-03 15:34:44.154 I/flutter (30508): [LOCATION REQUEST] {"buildingId":1,"gps":{"latitude":33.9252335,"longitude":75.0201549,"accuracy":8.20300006866455,"speed":0.15295279026031494},"heading":221.40225219726562,"beacons":[]}
07-03 15:34:44.671 I/flutter (30508): [LOCATION RESPONSE] x=0.0 y=0.0 floor=-1 confidence=0.0 nearestNode= snappedX=null snappedY=null isIndoor=false
07-03 15:34:45.100 I/flutter (30508): [POLL] tick (Δ=999ms)
07-03 15:34:45.148 I/flutter (30508): AUTO-TRANSITION eval=notOutdoor hits=0 dist=27.5 rssi=null
07-03 15:34:45.149 I/flutter (30508): [LOCATION REQUEST] {"buildingId":1,"gps":{"latitude":33.9252282,"longitude":75.0201624,"accuracy":6.261000156402588,"speed":0.024724546819925308},"heading":0.0,"beacons":[]}
07-03 15:34:45.515 I/flutter (30508): [LOCATION RESPONSE] x=0.0 y=0.0 floor=-1 confidence=0.0 nearestNode= snappedX=null snappedY=null isIndoor=false
07-03 15:34:46.101 I/flutter (30508): [POLL] tick (Δ=1000ms)
07-03 15:34:46.154 I/flutter (30508): AUTO-TRANSITION eval=notOutdoor hits=0 dist=27.5 rssi=null
07-03 15:34:46.155 I/flutter (30508): [LOCATION REQUEST] {"buildingId":1,"gps":{"latitude":33.9252282,"longitude":75.0201624,"accuracy":6.261000156402588,"speed":0.024724546819925308},"heading":0.0,"beacons":[]}
07-03 15:34:46.492 I/flutter (30508): [LOCATION RESPONSE] x=0.0 y=0.0 floor=-1 confidence=0.0 nearestNode= snappedX=null snappedY=null isIndoor=false
07-03 15:34:47.100 I/flutter (30508): [POLL] tick (Δ=1000ms)
07-03 15:34:47.157 I/flutter (30508): AUTO-TRANSITION eval=notOutdoor hits=0 dist=27.5 rssi=null
07-03 15:34:47.158 I/flutter (30508): [LOCATION REQUEST] {"buildingId":1,"gps":{"latitude":33.9252282,"longitude":75.0201624,"accuracy":6.261000156402588,"speed":0.024724546819925308},"heading":0.0,"beacons":[]}
07-03 15:34:47.521 I/flutter (30508): [LOCATION RESPONSE] x=0.0 y=0.0 floor=-1 confidence=0.0 nearestNode= snappedX=null snappedY=null isIndoor=false
07-03 15:34:48.101 I/flutter (30508): [POLL] tick (Δ=1000ms)
07-03 15:34:48.141 I/flutter (30508): AUTO-TRANSITION eval=notOutdoor hits=0 dist=27.5 rssi=null
07-03 15:34:48.142 I/flutter (30508): [LOCATION REQUEST] {"buildingId":1,"gps":{"latitude":33.9252282,"longitude":75.0201624,"accuracy":6.261000156402588,"speed":0.024724546819925308},"heading":0.0,"beacons":[]}
07-03 15:34:48.506 I/flutter (30508): [LOCATION RESPONSE] x=0.0 y=0.0 floor=-1 confidence=0.0 nearestNode= snappedX=null snappedY=null isIndoor=false
07-03 15:34:49.101 I/flutter (30508): [POLL] tick (Δ=999ms)
07-03 15:34:49.154 I/flutter (30508): AUTO-TRANSITION eval=notOutdoor hits=0 dist=27.5 rssi=null
07-03 15:34:49.155 I/flutter (30508): [LOCATION REQUEST] {"buildingId":1,"gps":{"latitude":33.9252279,"longitude":75.0201626,"accuracy":5.589000225067139,"speed":0.026474714279174805},"heading":0.0,"beacons":[]}
07-03 15:34:49.462 I/flutter (30508): [LOCATION RESPONSE] x=0.0 y=0.0 floor=-1 confidence=0.0 nearestNode= snappedX=null snappedY=null isIndoor=false
07-03 15:34:50.101 I/flutter (30508): [POLL] tick (Δ=999ms)
07-03 15:34:50.152 I/flutter (30508): AUTO-TRANSITION eval=notOutdoor hits=0 dist=27.8 rssi=null
07-03 15:34:50.153 I/flutter (30508): [LOCATION REQUEST] {"buildingId":1,"gps":{"latitude":33.9252248,"longitude":75.0201646,"accuracy":5.4120001792907715,"speed":0.3825063705444336},"heading":180.52850341796875,"beacons":[]}
07-03 15:34:50.587 I/flutter (30508): [LOCATION RESPONSE] x=0.0 y=0.0 floor=-1 confidence=0.0 nearestNode= snappedX=null snappedY=null isIndoor=false
07-03 15:34:51.100 I/flutter (30508): [POLL] tick (Δ=999ms)
07-03 15:34:51.149 I/flutter (30508): AUTO-TRANSITION eval=notOutdoor hits=0 dist=27.8 rssi=null
07-03 15:34:51.150 I/flutter (30508): [LOCATION REQUEST] {"buildingId":1,"gps":{"latitude":33.9252248,"longitude":75.0201646,"accuracy":5.4120001792907715,"speed":0.3825063705444336},"heading":180.52850341796875,"beacons":[]}
07-03 15:34:51.828 I/flutter (30508): [LOCATION RESPONSE] x=0.0 y=0.0 floor=-1 confidence=0.0 nearestNode= snappedX=null snappedY=null isIndoor=false
07-03 15:34:52.101 I/flutter (30508): [POLL] tick (Δ=1000ms)
07-03 15:34:52.152 I/flutter (30508): AUTO-TRANSITION eval=notOutdoor hits=0 dist=27.8 rssi=null
07-03 15:34:52.154 I/flutter (30508): [LOCATION REQUEST] {"buildingId":1,"gps":{"latitude":33.9252248,"longitude":75.0201646,"accuracy":5.4120001792907715,"speed":0.3825063705444336},"heading":180.52850341796875,"beacons":[]}
07-03 15:34:52.722 I/flutter (30508): [LOCATION RESPONSE] x=0.0 y=0.0 floor=-1 confidence=0.0 nearestNode= snappedX=null snappedY=null isIndoor=false
07-03 15:34:53.100 I/flutter (30508): [POLL] tick (Δ=999ms)
07-03 15:34:53.151 I/flutter (30508): AUTO-TRANSITION eval=notOutdoor hits=0 dist=27.8 rssi=null
07-03 15:34:53.152 I/flutter (30508): [LOCATION REQUEST] {"buildingId":1,"gps":{"latitude":33.9252248,"longitude":75.0201646,"accuracy":5.4120001792907715,"speed":0.3825063705444336},"heading":180.52850341796875,"beacons":[]}
07-03 15:34:53.621 I/flutter (30508): [LOCATION RESPONSE] x=0.0 y=0.0 floor=-1 confidence=0.0 nearestNode= snappedX=null snappedY=null isIndoor=false
07-03 15:34:54.100 I/flutter (30508): [POLL] tick (Δ=1000ms)
07-03 15:34:54.153 I/flutter (30508): AUTO-TRANSITION eval=notOutdoor hits=0 dist=27.8 rssi=null
07-03 15:34:54.154 I/flutter (30508): [LOCATION REQUEST] {"buildingId":1,"gps":{"latitude":33.9252248,"longitude":75.0201646,"accuracy":5.4120001792907715,"speed":0.3825063705444336},"heading":180.52850341796875,"beacons":[]}
07-03 15:34:54.550 I/flutter (30508): [LOCATION RESPONSE] x=0.0 y=0.0 floor=-1 confidence=0.0 nearestNode= snappedX=null snappedY=null isIndoor=false
07-03 15:34:55.100 I/flutter (30508): [POLL] tick (Δ=999ms)
07-03 15:34:55.147 I/flutter (30508): AUTO-TRANSITION eval=notOutdoor hits=0 dist=28.4 rssi=null
07-03 15:34:55.148 I/flutter (30508): [LOCATION REQUEST] {"buildingId":1,"gps":{"latitude":33.9252196,"longitude":75.0201671,"accuracy":6.165999889373779,"speed":0.14977189898490906},"heading":173.16209411621094,"beacons":[]}
07-03 15:34:55.468 I/flutter (30508): [LOCATION RESPONSE] x=0.0 y=0.0 floor=-1 confidence=0.0 nearestNode= snappedX=null snappedY=null isIndoor=false
07-03 15:34:56.098 I/flutter (30508): [POLL] tick (Δ=998ms)
07-03 15:34:56.118 I/flutter (30508): AUTO-TRANSITION eval=notOutdoor hits=0 dist=28.4 rssi=null
07-03 15:34:56.118 I/flutter (30508): [LOCATION REQUEST] {"buildingId":1,"gps":{"latitude":33.9252196,"longitude":75.0201671,"accuracy":6.165999889373779,"speed":0.14977189898490906},"heading":173.16209411621094,"beacons":[]}
07-03 15:34:56.423 I/flutter (30508): [LOCATION RESPONSE] x=0.0 y=0.0 floor=-1 confidence=0.0 nearestNode= snappedX=null snappedY=null isIndoor=false
07-03 15:34:57.102 I/flutter (30508): [POLL] tick (Δ=1002ms)
07-03 15:34:57.156 I/flutter (30508): AUTO-TRANSITION eval=notOutdoor hits=0 dist=28.4 rssi=null
07-03 15:34:57.157 I/flutter (30508): [LOCATION REQUEST] {"buildingId":1,"gps":{"latitude":33.9252196,"longitude":75.0201671,"accuracy":6.165999889373779,"speed":0.14977189898490906},"heading":173.16209411621094,"beacons":[]}
07-03 15:34:57.483 I/flutter (30508): [LOCATION RESPONSE] x=0.0 y=0.0 floor=-1 confidence=0.0 nearestNode= snappedX=null snappedY=null isIndoor=false
07-03 15:34:58.101 I/flutter (30508): [POLL] tick (Δ=999ms)
07-03 15:34:58.166 I/flutter (30508): AUTO-TRANSITION eval=notOutdoor hits=0 dist=28.4 rssi=null
07-03 15:34:58.168 I/flutter (30508): [LOCATION REQUEST] {"buildingId":1,"gps":{"latitude":33.9252196,"longitude":75.0201671,"accuracy":6.165999889373779,"speed":0.14977189898490906},"heading":173.16209411621094,"beacons":[]}
07-03 15:34:58.799 I/flutter (30508): [LOCATION RESPONSE] x=0.0 y=0.0 floor=-1 confidence=0.0 nearestNode= snappedX=null snappedY=null isIndoor=false
07-03 15:34:59.099 I/flutter (30508): [POLL] tick (Δ=998ms)
07-03 15:34:59.126 I/flutter (30508): AUTO-TRANSITION eval=notOutdoor hits=0 dist=28.4 rssi=null
07-03 15:34:59.127 I/flutter (30508): [LOCATION REQUEST] {"buildingId":1,"gps":{"latitude":33.9252196,"longitude":75.0201671,"accuracy":6.165999889373779,"speed":0.14977189898490906},"heading":173.16209411621094,"beacons":[]}
07-03 15:34:59.527 I/flutter (30508): [LOCATION RESPONSE] x=0.0 y=0.0 floor=-1 confidence=0.0 nearestNode= snappedX=null snappedY=null isIndoor=false
07-03 15:35:00.098 I/flutter (30508): [POLL] tick (Δ=999ms)
07-03 15:35:00.121 I/flutter (30508): AUTO-TRANSITION eval=notOutdoor hits=0 dist=28.5 rssi=null
07-03 15:35:00.121 I/flutter (30508): [LOCATION REQUEST] {"buildingId":1,"gps":{"latitude":33.9252183,"longitude":75.0201673,"accuracy":7.131999969482422,"speed":0.15195755660533905},"heading":164.76168823242188,"beacons":[]}
07-03 15:35:00.471 I/flutter (30508): [LOCATION RESPONSE] x=0.0 y=0.0 floor=-1 confidence=0.0 nearestNode= snappedX=null snappedY=null isIndoor=false
07-03 15:35:01.099 I/flutter (30508): [POLL] tick (Δ=1000ms)
07-03 15:35:01.146 I/flutter (30508): AUTO-TRANSITION eval=notOutdoor hits=0 dist=28.5 rssi=null
07-03 15:35:01.147 I/flutter (30508): [LOCATION REQUEST] {"buildingId":1,"gps":{"latitude":33.9252183,"longitude":75.0201673,"accuracy":7.131999969482422,"speed":0.15195755660533905},"heading":164.76168823242188,"beacons":[]}
07-03 15:35:01.488 I/flutter (30508): [LOCATION RESPONSE] x=0.0 y=0.0 floor=-1 confidence=0.0 nearestNode= snappedX=null snappedY=null isIndoor=false
07-03 15:35:02.100 I/flutter (30508): [POLL] tick (Δ=1000ms)
07-03 15:35:02.154 I/flutter (30508): AUTO-TRANSITION eval=notOutdoor hits=0 dist=28.5 rssi=null
07-03 15:35:02.154 I/flutter (30508): [LOCATION REQUEST] {"buildingId":1,"gps":{"latitude":33.9252183,"longitude":75.0201673,"accuracy":7.131999969482422,"speed":0.15195755660533905},"heading":164.76168823242188,"beacons":[]}
07-03 15:35:02.578 I/flutter (30508): [LOCATION RESPONSE] x=0.0 y=0.0 floor=-1 confidence=0.0 nearestNode= snappedX=null snappedY=null isIndoor=false
07-03 15:35:03.099 I/flutter (30508): [POLL] tick (Δ=999ms)
07-03 15:35:03.145 I/flutter (30508): AUTO-TRANSITION eval=notOutdoor hits=0 dist=28.5 rssi=null
07-03 15:35:03.146 I/flutter (30508): [LOCATION REQUEST] {"buildingId":1,"gps":{"latitude":33.9252179,"longitude":75.0201682,"accuracy":7.24399995803833,"speed":0.2094372808933258},"heading":166.7152862548828,"beacons":[]}
07-03 15:35:03.464 I/flutter (30508): [LOCATION RESPONSE] x=0.0 y=0.0 floor=-1 confidence=0.0 nearestNode= snappedX=null snappedY=null isIndoor=false
07-03 15:35:04.099 I/flutter (30508): [POLL] tick (Δ=999ms)
07-03 15:35:04.126 I/flutter (30508): AUTO-TRANSITION eval=notOutdoor hits=0 dist=28.5 rssi=null
07-03 15:35:04.126 I/flutter (30508): [LOCATION REQUEST] {"buildingId":1,"gps":{"latitude":33.9252179,"longitude":75.0201682,"accuracy":7.24399995803833,"speed":0.2094372808933258},"heading":166.7152862548828,"beacons":[]}
07-03 15:35:04.427 I/flutter (30508): [LOCATION RESPONSE] x=0.0 y=0.0 floor=-1 confidence=0.0 nearestNode= snappedX=null snappedY=null isIndoor=false
07-03 15:35:05.100 I/flutter (30508): [POLL] tick (Δ=1000ms)
07-03 15:35:05.125 I/flutter (30508): AUTO-TRANSITION eval=notOutdoor hits=0 dist=28.5 rssi=null
07-03 15:35:05.125 I/flutter (30508): [LOCATION REQUEST] {"buildingId":1,"gps":{"latitude":33.9252176,"longitude":75.0201737,"accuracy":7.922999858856201,"speed":0.30461034178733826},"heading":147.8985137939453,"beacons":[]}
07-03 15:35:05.411 I/flutter (30508): [LOCATION RESPONSE] x=0.0 y=0.0 floor=-1 confidence=0.0 nearestNode= snappedX=null snappedY=null isIndoor=false
07-03 15:35:06.101 I/flutter (30508): [POLL] tick (Δ=1001ms)
07-03 15:35:06.140 I/flutter (30508): AUTO-TRANSITION eval=notOutdoor hits=0 dist=28.5 rssi=null
07-03 15:35:06.140 I/flutter (30508): [LOCATION REQUEST] {"buildingId":1,"gps":{"latitude":33.9252176,"longitude":75.0201737,"accuracy":7.922999858856201,"speed":0.30461034178733826},"heading":147.8985137939453,"beacons":[]}
07-03 15:35:06.466 I/flutter (30508): [LOCATION RESPONSE] x=0.0 y=0.0 floor=-1 confidence=0.0 nearestNode= snappedX=null snappedY=null isIndoor=false
07-03 15:35:07.100 I/flutter (30508): [POLL] tick (Δ=999ms)
07-03 15:35:07.141 I/flutter (30508): AUTO-TRANSITION eval=notOutdoor hits=0 dist=28.5 rssi=null
07-03 15:35:07.142 I/flutter (30508): [LOCATION REQUEST] {"buildingId":1,"gps":{"latitude":33.9252176,"longitude":75.0201737,"accuracy":7.922999858856201,"speed":0.30461034178733826},"heading":147.8985137939453,"beacons":[]}
07-03 15:35:07.457 I/flutter (30508): [LOCATION RESPONSE] x=0.0 y=0.0 floor=-1 confidence=0.0 nearestNode= snappedX=null snappedY=null isIndoor=false
07-03 15:35:08.100 I/flutter (30508): [POLL] tick (Δ=999ms)
07-03 15:35:08.141 I/flutter (30508): AUTO-TRANSITION eval=notOutdoor hits=0 dist=28.5 rssi=null
07-03 15:35:08.142 I/flutter (30508): [LOCATION REQUEST] {"buildingId":1,"gps":{"latitude":33.9252176,"longitude":75.0201737,"accuracy":7.922999858856201,"speed":0.30461034178733826},"heading":147.8985137939453,"beacons":[]}
07-03 15:35:08.497 I/flutter (30508): [LOCATION RESPONSE] x=0.0 y=0.0 floor=-1 confidence=0.0 nearestNode= snappedX=null snappedY=null isIndoor=false
07-03 15:35:09.101 I/flutter (30508): [POLL] tick (Δ=1001ms)
07-03 15:35:09.140 I/flutter (30508): AUTO-TRANSITION eval=notOutdoor hits=0 dist=28.5 rssi=null
07-03 15:35:09.141 I/flutter (30508): [LOCATION REQUEST] {"buildingId":1,"gps":{"latitude":33.9252176,"longitude":75.0201737,"accuracy":7.922999858856201,"speed":0.30461034178733826},"heading":147.8985137939453,"beacons":[]}
07-03 15:35:09.820 I/flutter (30508): [LOCATION RESPONSE] x=0.0 y=0.0 floor=-1 confidence=0.0 nearestNode= snappedX=null snappedY=null isIndoor=false
07-03 15:35:10.100 I/flutter (30508): [POLL] tick (Δ=999ms)
07-03 15:35:10.146 I/flutter (30508): AUTO-TRANSITION eval=notOutdoor hits=0 dist=28.3 rssi=null
07-03 15:35:10.147 I/flutter (30508): [LOCATION REQUEST] {"buildingId":1,"gps":{"latitude":33.9252195,"longitude":75.0201755,"accuracy":7.617000102996826,"speed":0.04045785591006279},"heading":0.0,"beacons":[]}
07-03 15:35:11.100 I/flutter (30508): [POLL] tick (Δ=999ms)
07-03 15:35:11.129 I/flutter (30508): AUTO-TRANSITION eval=notOutdoor hits=0 dist=28.3 rssi=null
07-03 15:35:11.129 I/flutter (30508): [LOCATION REQUEST] {"buildingId":1,"gps":{"latitude":33.9252195,"longitude":75.0201755,"accuracy":7.617000102996826,"speed":0.04045785591006279},"heading":0.0,"beacons":[]}
07-03 15:35:12.100 I/flutter (30508): [POLL] tick (Δ=1000ms)
07-03 15:35:12.144 I/flutter (30508): AUTO-TRANSITION eval=notOutdoor hits=0 dist=28.3 rssi=null
07-03 15:35:12.144 I/flutter (30508): [LOCATION REQUEST] {"buildingId":1,"gps":{"latitude":33.9252195,"longitude":75.0201755,"accuracy":7.617000102996826,"speed":0.04045785591006279},"heading":0.0,"beacons":[]}
07-03 15:35:12.945 I/flutter (30508): [LOCATION RESPONSE] x=0.0 y=0.0 floor=-1 confidence=0.0 nearestNode= snappedX=null snappedY=null isIndoor=false
07-03 15:35:12.951 I/flutter (30508): [LOCATION RESPONSE] x=0.0 y=0.0 floor=-1 confidence=0.0 nearestNode= snappedX=null snappedY=null isIndoor=false
07-03 15:35:12.958 I/flutter (30508): [LOCATION RESPONSE] x=0.0 y=0.0 floor=-1 confidence=0.0 nearestNode= snappedX=null snappedY=null isIndoor=false
07-03 15:35:13.100 I/flutter (30508): [POLL] tick (Δ=999ms)
07-03 15:35:13.148 I/flutter (30508): AUTO-TRANSITION eval=notOutdoor hits=0 dist=28.3 rssi=null
07-03 15:35:13.149 I/flutter (30508): [LOCATION REQUEST] {"buildingId":1,"gps":{"latitude":33.9252199,"longitude":75.0201753,"accuracy":7.538000106811523,"speed":0.04175983741879463},"heading":0.0,"beacons":[]}
07-03 15:35:13.673 I/flutter (30508): [LOCATION RESPONSE] x=0.0 y=0.0 floor=-1 confidence=0.0 nearestNode= snappedX=null snappedY=null isIndoor=false
07-03 15:35:14.100 I/flutter (30508): [POLL] tick (Δ=1000ms)
07-03 15:35:14.147 I/flutter (30508): AUTO-TRANSITION eval=notOutdoor hits=0 dist=28.3 rssi=null
07-03 15:35:14.148 I/flutter (30508): [LOCATION REQUEST] {"buildingId":1,"gps":{"latitude":33.9252199,"longitude":75.0201753,"accuracy":7.538000106811523,"speed":0.04175983741879463},"heading":0.0,"beacons":[]}
07-03 15:35:14.633 I/flutter (30508): [LOCATION RESPONSE] x=0.0 y=0.0 floor=-1 confidence=0.0 nearestNode= snappedX=null snappedY=null isIndoor=false
07-03 15:35:15.099 I/flutter (30508): [POLL] tick (Δ=998ms)
07-03 15:35:15.151 I/flutter (30508): AUTO-TRANSITION eval=notOutdoor hits=0 dist=27.6 rssi=null
07-03 15:35:15.151 I/flutter (30508): [LOCATION REQUEST] {"buildingId":1,"gps":{"latitude":33.9252267,"longitude":75.0201691,"accuracy":5.438000202178955,"speed":0.0653456598520279},"heading":0.0,"beacons":[]}
07-03 15:35:15.576 I/flutter (30508): [LOCATION RESPONSE] x=0.0 y=0.0 floor=-1 confidence=0.0 nearestNode= snappedX=null snappedY=null isIndoor=false
07-03 15:35:16.100 I/flutter (30508): [POLL] tick (Δ=1000ms)
07-03 15:35:16.140 I/flutter (30508): AUTO-TRANSITION eval=notOutdoor hits=0 dist=27.6 rssi=null
07-03 15:35:16.141 I/flutter (30508): [LOCATION REQUEST] {"buildingId":1,"gps":{"latitude":33.9252267,"longitude":75.0201691,"accuracy":5.438000202178955,"speed":0.0653456598520279},"heading":0.0,"beacons":[]}
07-03 15:35:16.554 I/flutter (30508): [LOCATION RESPONSE] x=0.0 y=0.0 floor=-1 confidence=0.0 nearestNode= snappedX=null snappedY=null isIndoor=false
07-03 15:35:17.103 I/flutter (30508): [POLL] tick (Δ=1001ms)
07-03 15:35:17.159 I/flutter (30508): AUTO-TRANSITION eval=notOutdoor hits=0 dist=27.6 rssi=null
07-03 15:35:17.159 I/flutter (30508): [LOCATION REQUEST] {"buildingId":1,"gps":{"latitude":33.9252267,"longitude":75.0201691,"accuracy":5.438000202178955,"speed":0.0653456598520279},"heading":0.0,"beacons":[]}
07-03 15:35:17.519 I/flutter (30508): [LOCATION RESPONSE] x=0.0 y=0.0 floor=-1 confidence=0.0 nearestNode= snappedX=null snappedY=null isIndoor=false
07-03 15:35:18.101 I/flutter (30508): [POLL] tick (Δ=998ms)
07-03 15:35:18.151 I/flutter (30508): AUTO-TRANSITION eval=notOutdoor hits=0 dist=27.5 rssi=null
07-03 15:35:18.152 I/flutter (30508): [LOCATION REQUEST] {"buildingId":1,"gps":{"latitude":33.9252269,"longitude":75.0201693,"accuracy":3.861999988555908,"speed":0.06806005537509918},"heading":0.0,"beacons":[]}
07-03 15:35:18.671 I/flutter (30508): [LOCATION RESPONSE] x=0.0 y=0.0 floor=-1 confidence=0.0 nearestNode= snappedX=null snappedY=null isIndoor=false
07-03 15:35:19.101 I/flutter (30508): [POLL] tick (Δ=999ms)
07-03 15:35:19.156 I/flutter (30508): AUTO-TRANSITION eval=notOutdoor hits=0 dist=27.5 rssi=null
07-03 15:35:19.157 I/flutter (30508): [LOCATION REQUEST] {"buildingId":1,"gps":{"latitude":33.9252269,"longitude":75.0201693,"accuracy":3.861999988555908,"speed":0.06806005537509918},"heading":0.0,"beacons":[]}
07-03 15:35:19.668 I/flutter (30508): [LOCATION RESPONSE] x=0.0 y=0.0 floor=-1 confidence=0.0 nearestNode= snappedX=null snappedY=null isIndoor=false
07-03 15:35:20.101 I/flutter (30508): [POLL] tick (Δ=1000ms)
07-03 15:35:20.158 I/flutter (30508): AUTO-TRANSITION eval=notOutdoor hits=0 dist=27.5 rssi=null
07-03 15:35:20.159 I/flutter (30508): [LOCATION REQUEST] {"buildingId":1,"gps":{"latitude":33.9252269,"longitude":75.0201695,"accuracy":3.9690001010894775,"speed":0.0687335953116417},"heading":0.0,"beacons":[]}
07-03 15:35:20.754 I/flutter (30508): [LOCATION RESPONSE] x=0.0 y=0.0 floor=-1 confidence=0.0 nearestNode= snappedX=null snappedY=null isIndoor=false
07-03 15:35:21.101 I/flutter (30508): [POLL] tick (Δ=999ms)
07-03 15:35:21.157 I/flutter (30508): AUTO-TRANSITION eval=notOutdoor hits=0 dist=27.5 rssi=null
07-03 15:35:21.158 I/flutter (30508): [LOCATION REQUEST] {"buildingId":1,"gps":{"latitude":33.9252269,"longitude":75.0201695,"accuracy":3.9690001010894775,"speed":0.0687335953116417},"heading":0.0,"beacons":[]}
07-03 15:35:21.810 I/flutter (30508): [LOCATION RESPONSE] x=0.0 y=0.0 floor=-1 confidence=0.0 nearestNode= snappedX=null snappedY=null isIndoor=false
07-03 15:35:22.100 I/flutter (30508): [POLL] tick (Δ=1000ms)
07-03 15:35:22.131 I/flutter (30508): AUTO-TRANSITION eval=notOutdoor hits=0 dist=27.1 rssi=null
07-03 15:35:22.131 I/flutter (30508): [LOCATION REQUEST] {"buildingId":1,"gps":{"latitude":33.9252307,"longitude":75.0201685,"accuracy":4.4120001792907715,"speed":0.5463138818740845},"heading":89.99906158447266,"beacons":[]}
07-03 15:35:22.707 I/flutter (30508): [LOCATION RESPONSE] x=0.0 y=0.0 floor=-1 confidence=0.0 nearestNode= snappedX=null snappedY=null isIndoor=false
07-03 15:35:23.101 I/flutter (30508): [POLL] tick (Δ=1000ms)
07-03 15:35:23.153 I/flutter (30508): AUTO-TRANSITION eval=notOutdoor hits=0 dist=27.1 rssi=null
07-03 15:35:23.154 I/flutter (30508): [LOCATION REQUEST] {"buildingId":1,"gps":{"latitude":33.9252312,"longitude":75.0201678,"accuracy":5.004000186920166,"speed":0.5468332767486572},"heading":90.0,"beacons":[]}
07-03 15:35:23.520 I/flutter (30508): [LOCATION RESPONSE] x=0.0 y=0.0 floor=-1 confidence=0.0 nearestNode= snappedX=null snappedY=null isIndoor=false
07-03 15:35:24.100 I/flutter (30508): [POLL] tick (Δ=999ms)
07-03 15:35:24.146 I/flutter (30508): AUTO-TRANSITION eval=notOutdoor hits=0 dist=27.1 rssi=null
07-03 15:35:24.147 I/flutter (30508): [LOCATION REQUEST] {"buildingId":1,"gps":{"latitude":33.9252306,"longitude":75.0201698,"accuracy":5.241000175476074,"speed":0.5317358374595642},"heading":90.00226593017578,"beacons":[]}
07-03 15:35:24.520 I/flutter (30508): [LOCATION RESPONSE] x=0.0 y=0.0 floor=-1 confidence=0.0 nearestNode= snappedX=null snappedY=null isIndoor=false
07-03 15:35:25.100 I/flutter (30508): [POLL] tick (Δ=999ms)
07-03 15:35:25.137 I/flutter (30508): AUTO-TRANSITION eval=notOutdoor hits=0 dist=27.2 rssi=null
07-03 15:35:25.138 I/flutter (30508): [LOCATION REQUEST] {"buildingId":1,"gps":{"latitude":33.9252295,"longitude":75.0201696,"accuracy":6.909999847412109,"speed":0.5467016696929932},"heading":90.02852630615234,"beacons":[]}
07-03 15:35:25.543 I/flutter (30508): [LOCATION RESPONSE] x=0.0 y=0.0 floor=-1 confidence=0.0 nearestNode= snappedX=null snappedY=null isIndoor=false
07-03 15:35:26.100 I/flutter (30508): [POLL] tick (Δ=999ms)
07-03 15:35:26.144 I/flutter (30508): AUTO-TRANSITION eval=notOutdoor hits=0 dist=27.2 rssi=null
07-03 15:35:26.145 I/flutter (30508): [LOCATION REQUEST] {"buildingId":1,"gps":{"latitude":33.9252295,"longitude":75.0201696,"accuracy":6.909999847412109,"speed":0.5467016696929932},"heading":90.02852630615234,"beacons":[]}
07-03 15:35:26.541 I/flutter (30508): [LOCATION RESPONSE] x=0.0 y=0.0 floor=-1 confidence=0.0 nearestNode= snappedX=null snappedY=null isIndoor=false
07-03 15:35:27.100 I/flutter (30508): [POLL] tick (Δ=999ms)
07-03 15:35:27.147 I/flutter (30508): AUTO-TRANSITION eval=notOutdoor hits=0 dist=27.2 rssi=null
07-03 15:35:27.148 I/flutter (30508): [LOCATION REQUEST] {"buildingId":1,"gps":{"latitude":33.9252295,"longitude":75.0201696,"accuracy":6.909999847412109,"speed":0.5467016696929932},"heading":90.02852630615234,"beacons":[]}
07-03 15:35:27.522 I/flutter (30508): [LOCATION RESPONSE] x=0.0 y=0.0 floor=-1 confidence=0.0 nearestNode= snappedX=null snappedY=null isIndoor=false
07-03 15:35:28.100 I/flutter (30508): [POLL] tick (Δ=1000ms)
07-03 15:35:28.148 I/flutter (30508): AUTO-TRANSITION eval=notOutdoor hits=0 dist=27.2 rssi=null
07-03 15:35:28.149 I/flutter (30508): [LOCATION REQUEST] {"buildingId":1,"gps":{"latitude":33.9252295,"longitude":75.0201696,"accuracy":6.909999847412109,"speed":0.5467016696929932},"heading":90.02852630615234,"beacons":[]}
07-03 15:35:28.505 I/flutter (30508): [LOCATION RESPONSE] x=0.0 y=0.0 floor=-1 confidence=0.0 nearestNode= snappedX=null snappedY=null isIndoor=false
07-03 15:35:29.100 I/flutter (30508): [POLL] tick (Δ=999ms)
07-03 15:35:29.147 I/flutter (30508): AUTO-TRANSITION eval=notOutdoor hits=0 dist=27.2 rssi=null
07-03 15:35:29.148 I/flutter (30508): [LOCATION REQUEST] {"buildingId":1,"gps":{"latitude":33.9252295,"longitude":75.0201696,"accuracy":6.909999847412109,"speed":0.5467016696929932},"heading":90.02852630615234,"beacons":[]}
07-03 15:35:30.101 I/flutter (30508): [POLL] tick (Δ=1000ms)
07-03 15:35:30.158 I/flutter (30508): AUTO-TRANSITION eval=notOutdoor hits=0 dist=27.1 rssi=null
07-03 15:35:30.159 I/flutter (30508): [LOCATION REQUEST] {"buildingId":1,"gps":{"latitude":33.9252301,"longitude":75.0201739,"accuracy":7.23799991607666,"speed":0.06939887255430222},"heading":0.0,"beacons":[]}
07-03 15:35:30.487 I/flutter (30508): [LOCATION RESPONSE] x=0.0 y=0.0 floor=-1 confidence=0.0 nearestNode= snappedX=null snappedY=null isIndoor=false
07-03 15:35:30.716 I/flutter (30508): [LOCATION RESPONSE] x=0.0 y=0.0 floor=-1 confidence=0.0 nearestNode= snappedX=null snappedY=null isIndoor=false
07-03 15:35:31.100 I/flutter (30508): [POLL] tick (Δ=999ms)
07-03 15:35:31.151 I/flutter (30508): AUTO-TRANSITION eval=notOutdoor hits=0 dist=27.1 rssi=null
07-03 15:35:31.152 I/flutter (30508): [LOCATION REQUEST] {"buildingId":1,"gps":{"latitude":33.9252301,"longitude":75.0201739,"accuracy":7.23799991607666,"speed":0.06939887255430222},"heading":0.0,"beacons":[]}
07-03 15:35:31.618 I/flutter (30508): [LOCATION RESPONSE] x=0.0 y=0.0 floor=-1 confidence=0.0 nearestNode= snappedX=null snappedY=null isIndoor=false
07-03 15:35:32.102 I/flutter (30508): [POLL] tick (Δ=1001ms)
07-03 15:35:32.169 I/flutter (30508): AUTO-TRANSITION eval=notOutdoor hits=0 dist=27.1 rssi=null
07-03 15:35:32.170 I/flutter (30508): [LOCATION REQUEST] {"buildingId":1,"gps":{"latitude":33.9252301,"longitude":75.0201739,"accuracy":7.23799991607666,"speed":0.06939887255430222},"heading":0.0,"beacons":[]}
07-03 15:35:32.722 I/flutter (30508): [LOCATION RESPONSE] x=0.0 y=0.0 floor=-1 confidence=0.0 nearestNode= snappedX=null snappedY=null isIndoor=false
07-03 15:35:33.101 I/flutter (30508): [POLL] tick (Δ=999ms)
07-03 15:35:33.160 I/flutter (30508): AUTO-TRANSITION eval=notOutdoor hits=0 dist=27.1 rssi=null
07-03 15:35:33.162 I/flutter (30508): [LOCATION REQUEST] {"buildingId":1,"gps":{"latitude":33.9252305,"longitude":75.0201723,"accuracy":6.938000202178955,"speed":0.06927653402090073},"heading":0.0,"beacons":[]}
07-03 15:35:33.442 I/flutter (30508): [LOCATION RESPONSE] x=0.0 y=0.0 floor=-1 confidence=0.0 nearestNode= snappedX=null snappedY=null isIndoor=false
07-03 15:35:34.099 I/flutter (30508): [POLL] tick (Δ=998ms)
07-03 15:35:34.129 I/flutter (30508): AUTO-TRANSITION eval=notOutdoor hits=0 dist=27.1 rssi=null
07-03 15:35:34.129 I/flutter (30508): [LOCATION REQUEST] {"buildingId":1,"gps":{"latitude":33.9252305,"longitude":75.0201723,"accuracy":6.938000202178955,"speed":0.06927653402090073},"heading":0.0,"beacons":[]}
07-03 15:35:34.421 I/flutter (30508): [LOCATION RESPONSE] x=0.0 y=0.0 floor=-1 confidence=0.0 nearestNode= snappedX=null snappedY=null isIndoor=false
07-03 15:35:35.101 I/flutter (30508): [POLL] tick (Δ=1000ms)
07-03 15:35:35.157 I/flutter (30508): AUTO-TRANSITION eval=notOutdoor hits=0 dist=27.3 rssi=null
07-03 15:35:35.159 I/flutter (30508): [LOCATION REQUEST] {"buildingId":1,"gps":{"latitude":33.9252289,"longitude":75.0201737,"accuracy":6.046999931335449,"speed":0.08537693321704865},"heading":0.0,"beacons":[]}
07-03 15:35:35.544 I/flutter (30508): [LOCATION RESPONSE] x=0.0 y=0.0 floor=-1 confidence=0.0 nearestNode= snappedX=null snappedY=null isIndoor=false
07-03 15:35:36.101 I/flutter (30508): [POLL] tick (Δ=1000ms)
07-03 15:35:36.152 I/flutter (30508): AUTO-TRANSITION eval=notOutdoor hits=0 dist=27.3 rssi=null
07-03 15:35:36.153 I/flutter (30508): [LOCATION REQUEST] {"buildingId":1,"gps":{"latitude":33.9252289,"longitude":75.0201737,"accuracy":6.046999931335449,"speed":0.08537693321704865},"heading":0.0,"beacons":[]}
07-03 15:35:36.475 I/flutter (30508): [LOCATION RESPONSE] x=0.0 y=0.0 floor=-1 confidence=0.0 nearestNode= snappedX=null snappedY=null isIndoor=false
07-03 15:35:37.100 I/flutter (30508): [POLL] tick (Δ=999ms)
07-03 15:35:37.140 I/flutter (30508): AUTO-TRANSITION eval=notOutdoor hits=0 dist=27.5 rssi=null
07-03 15:35:37.141 I/flutter (30508): [LOCATION REQUEST] {"buildingId":1,"gps":{"latitude":33.925227,"longitude":75.0201732,"accuracy":5.451000213623047,"speed":0.10448724776506424},"heading":126.3039779663086,"beacons":[]}
07-03 15:35:37.467 I/flutter (30508): [LOCATION RESPONSE] x=0.0 y=0.0 floor=-1 confidence=0.0 nearestNode= snappedX=null snappedY=null isIndoor=false
07-03 15:35:38.099 I/flutter (30508): [POLL] tick (Δ=998ms)
07-03 15:35:38.124 I/flutter (30508): AUTO-TRANSITION eval=notOutdoor hits=0 dist=27.5 rssi=null
07-03 15:35:38.124 I/flutter (30508): [LOCATION REQUEST] {"buildingId":1,"gps":{"latitude":33.9252268,"longitude":75.0201729,"accuracy":5.322000026702881,"speed":0.08922262489795685},"heading":0.0,"beacons":[]}
07-03 15:35:38.456 I/flutter (30508): [LOCATION RESPONSE] x=0.0 y=0.0 floor=-1 confidence=0.0 nearestNode= snappedX=null snappedY=null isIndoor=false
07-03 15:35:39.102 I/flutter (30508): [POLL] tick (Δ=1002ms)
07-03 15:35:39.141 I/flutter (30508): AUTO-TRANSITION eval=notOutdoor hits=0 dist=27.6 rssi=null
07-03 15:35:39.142 I/flutter (30508): [LOCATION REQUEST] {"buildingId":1,"gps":{"latitude":33.9252262,"longitude":75.020172,"accuracy":5.3470001220703125,"speed":0.09058228880167007},"heading":0.0,"beacons":[]}
07-03 15:35:39.650 I/flutter (30508): [LOCATION RESPONSE] x=0.0 y=0.0 floor=-1 confidence=0.0 nearestNode= snappedX=null snappedY=null isIndoor=false
07-03 15:35:40.102 I/flutter (30508): [POLL] tick (Δ=999ms)
07-03 15:35:40.158 I/flutter (30508): AUTO-TRANSITION eval=notOutdoor hits=0 dist=27.5 rssi=null
07-03 15:35:40.159 I/flutter (30508): [LOCATION REQUEST] {"buildingId":1,"gps":{"latitude":33.9252273,"longitude":75.0201717,"accuracy":5.135000228881836,"speed":0.06517675518989563},"heading":0.0,"beacons":[]}
07-03 15:35:40.787 I/flutter (30508): [LOCATION RESPONSE] x=0.0 y=0.0 floor=-1 confidence=0.0 nearestNode= snappedX=null snappedY=null isIndoor=false
07-03 15:35:41.105 I/flutter (30508): [POLL] tick (Δ=1003ms)
07-03 15:35:41.150 I/flutter (30508): AUTO-TRANSITION eval=notOutdoor hits=0 dist=27.5 rssi=null
07-03 15:35:41.151 I/flutter (30508): [LOCATION REQUEST] {"buildingId":1,"gps":{"latitude":33.9252273,"longitude":75.0201717,"accuracy":5.135000228881836,"speed":0.06517675518989563},"heading":0.0,"beacons":[]}
07-03 15:35:41.689 I/flutter (30508): [LOCATION RESPONSE] x=0.0 y=0.0 floor=-1 confidence=0.0 nearestNode= snappedX=null snappedY=null isIndoor=false
07-03 15:35:42.102 I/flutter (30508): [POLL] tick (Δ=996ms)
07-03 15:35:42.156 I/flutter (30508): AUTO-TRANSITION eval=notOutdoor hits=0 dist=27.5 rssi=null
07-03 15:35:42.156 I/flutter (30508): [LOCATION REQUEST] {"buildingId":1,"gps":{"latitude":33.9252273,"longitude":75.0201717,"accuracy":5.135000228881836,"speed":0.06517675518989563},"heading":0.0,"beacons":[]}
07-03 15:35:42.599 I/flutter (30508): [LOCATION RESPONSE] x=0.0 y=0.0 floor=-1 confidence=0.0 nearestNode= snappedX=null snappedY=null isIndoor=false
07-03 15:35:43.100 I/flutter (30508): [POLL] tick (Δ=999ms)
07-03 15:35:43.182 I/flutter (30508): AUTO-TRANSITION eval=notOutdoor hits=0 dist=27.7 rssi=null
07-03 15:35:43.183 I/flutter (30508): [LOCATION REQUEST] {"buildingId":1,"gps":{"latitude":33.9252254,"longitude":75.0201698,"accuracy":4.867000102996826,"speed":0.04355883225798607},"heading":0.0,"beacons":[]}
07-03 15:35:43.498 I/flutter (30508): [LOCATION RESPONSE] x=0.0 y=0.0 floor=-1 confidence=0.0 nearestNode= snappedX=null snappedY=null isIndoor=false
07-03 15:35:43.695 I/flutter (30508): [POLL] stopped
07-03 15:35:43.695 I/flutter (30508): BLE STOP RUNNING
07-03 15:35:43.697 I/flutter (30508): [POLL] paused (REALTIME TRACKING PAUSED)
07-03 15:35:43.707 I/flutter (30508): [FBP] stopScan: already stopped
